"";BBSIS.M.I.ABS.FV._T.S1311.A.A.VB004.A.A.A._Z._Z.A;BBSIS.M.I.ABS.FV._T.S1311.A.A.VB004.A.A.A._Z._Z.A_FLAGS
"";Brutto-Absatz inländischer Inhaberschuldverschreibungen zu Nominalwerten / vereinbarte Laufzeit bis einschließlich 4 Jahren / Anleihen der öffentlichen Hand / Bund;
Dezimalstellen;0;
Dimension;Millionen;
Einheit;DM/EURO;
Format der Zeitangabe;P1M;
Kategorie;GKWE;
Stand vom;10.09.2026 08:05:40 Uhr;
1960-01;-;Nichts vorhanden
1960-02;-;Nichts vorhanden
1960-03;3;
1960-04;28;
1960-05;3;
1960-06;-;Nichts vorhanden
1960-07;4;
1960-08;7;
1960-09;11;
1960-10;65;
1960-11;-;Nichts vorhanden
1960-12;-;Nichts vorhanden
1961-01;-;Nichts vorhanden
1961-02;-;Nichts vorhanden
1961-03;-;Nichts vorhanden
1961-04;-;Nichts vorhanden
1961-05;-;Nichts vorhanden
1961-06;-;Nichts vorhanden
1961-07;-;Nichts vorhanden
1961-08;-;Nichts vorhanden
1961-09;-;Nichts vorhanden
1961-10;-;Nichts vorhanden
1961-11;-;Nichts vorhanden
1961-12;-;Nichts vorhanden
1962-01;-;Nichts vorhanden
1962-02;-;Nichts vorhanden
1962-03;-;Nichts vorhanden
1962-04;-;Nichts vorhanden
1962-05;-;Nichts vorhanden
1962-06;-;Nichts vorhanden
1962-07;-;Nichts vorhanden
1962-08;100;
1962-09;-;Nichts vorhanden
1962-10;-;Nichts vorhanden
1962-11;-;Nichts vorhanden
1962-12;-;Nichts vorhanden
1963-01;103;
1963-02;11;
1963-03;70;
1963-04;7;
1963-05;-;Nichts vorhanden
1963-06;-;Nichts vorhanden
1963-07;3;
1963-08;3;
1963-09;27;
1963-10;13;
1963-11;4;
1963-12;-;Nichts vorhanden
1964-01;300;
1964-02;-;Nichts vorhanden
1964-03;50;
1964-04;20;
1964-05;20;
1964-06;-;Nichts vorhanden
1964-07;50;
1964-08;50;
1964-09;-;Nichts vorhanden
1964-10;-;Nichts vorhanden
1964-11;-;Nichts vorhanden
1964-12;-;Nichts vorhanden
1965-01;-;Nichts vorhanden
1965-02;-;Nichts vorhanden
1965-03;-;Nichts vorhanden
1965-04;-;Nichts vorhanden
1965-05;-;Nichts vorhanden
1965-06;-;Nichts vorhanden
1965-07;25;
1965-08;40;
1965-09;35;
1965-10;10;
1965-11;80;
1965-12;60;
1966-01;-;Nichts vorhanden
1966-02;-;Nichts vorhanden
1966-03;-;Nichts vorhanden
1966-04;-;Nichts vorhanden
1966-05;-;Nichts vorhanden
1966-06;-;Nichts vorhanden
1966-07;-;Nichts vorhanden
1966-08;-;Nichts vorhanden
1966-09;-;Nichts vorhanden
1966-10;-;Nichts vorhanden
1966-11;-;Nichts vorhanden
1966-12;476;
1967-01;508;
1967-02;113;
1967-03;2;
1967-04;-;Nichts vorhanden
1967-05;325;
1967-06;-;Nichts vorhanden
1967-07;300;
1967-08;200;
1967-09;-;Nichts vorhanden
1967-10;200;
1967-11;250;
1967-12;-;Nichts vorhanden
1968-01;600;
1968-02;-;Nichts vorhanden
1968-03;65;
1968-04;-;Nichts vorhanden
1968-05;-;Nichts vorhanden
1968-06;-;Nichts vorhanden
1968-07;-;Nichts vorhanden
1968-08;-;Nichts vorhanden
1968-09;-;Nichts vorhanden
1968-10;-;Nichts vorhanden
1968-11;-;Nichts vorhanden
1968-12;-;Nichts vorhanden
1969-01;-;Nichts vorhanden
1969-02;-;Nichts vorhanden
1969-03;-;Nichts vorhanden
1969-04;-;Nichts vorhanden
1969-05;-;Nichts vorhanden
1969-06;-;Nichts vorhanden
1969-07;50;
1969-08;520;
1969-09;-;Nichts vorhanden
1969-10;200;
1969-11;-;Nichts vorhanden
1969-12;-;Nichts vorhanden
1970-01;-;Nichts vorhanden
1970-02;-;Nichts vorhanden
1970-03;-;Nichts vorhanden
1970-04;-;Nichts vorhanden
1970-05;-;Nichts vorhanden
1970-06;-;Nichts vorhanden
1970-07;-;Nichts vorhanden
1970-08;-;Nichts vorhanden
1970-09;-;Nichts vorhanden
1970-10;-;Nichts vorhanden
1970-11;-;Nichts vorhanden
1970-12;400;
1971-01;-;Nichts vorhanden
1971-02;200;
1971-03;-;Nichts vorhanden
1971-04;-;Nichts vorhanden
1971-05;-;Nichts vorhanden
1971-06;-;Nichts vorhanden
1971-07;-;Nichts vorhanden
1971-08;-;Nichts vorhanden
1971-09;300;
1971-10;200;
1971-11;310;
1971-12;-;Nichts vorhanden
1972-01;500;
1972-02;-;Nichts vorhanden
1972-03;-;Nichts vorhanden
1972-04;-;Nichts vorhanden
1972-05;-;Nichts vorhanden
1972-06;-;Nichts vorhanden
1972-07;-;Nichts vorhanden
1972-08;-;Nichts vorhanden
1972-09;-;Nichts vorhanden
1972-10;-;Nichts vorhanden
1972-11;-;Nichts vorhanden
1972-12;75;
1973-01;-;Nichts vorhanden
1973-02;100;
1973-03;-;Nichts vorhanden
1973-04;-;Nichts vorhanden
1973-05;-;Nichts vorhanden
1973-06;-;Nichts vorhanden
1973-07;-;Nichts vorhanden
1973-08;-;Nichts vorhanden
1973-09;-;Nichts vorhanden
1973-10;-;Nichts vorhanden
1973-11;-;Nichts vorhanden
1973-12;-;Nichts vorhanden
1974-01;-;Nichts vorhanden
1974-02;-;Nichts vorhanden
1974-03;253;
1974-04;-;Nichts vorhanden
1974-05;100;
1974-06;-;Nichts vorhanden
1974-07;-;Nichts vorhanden
1974-08;-;Nichts vorhanden
1974-09;100;
1974-10;-;Nichts vorhanden
1974-11;-;Nichts vorhanden
1974-12;-;Nichts vorhanden
1975-01;-;Nichts vorhanden
1975-02;581;
1975-03;-;Nichts vorhanden
1975-04;1074;
1975-05;-;Nichts vorhanden
1975-06;-;Nichts vorhanden
1975-07;-;Nichts vorhanden
1975-08;494;
1975-09;-;Nichts vorhanden
1975-10;600;
1975-11;150;
1975-12;1698;
1976-01;-;Nichts vorhanden
1976-02;-;Nichts vorhanden
1976-03;-;Nichts vorhanden
1976-04;-;Nichts vorhanden
1976-05;2409;
1976-06;-;Nichts vorhanden
1976-07;1625;
1976-08;650;
1976-09;-;Nichts vorhanden
1976-10;-;Nichts vorhanden
1976-11;-;Nichts vorhanden
1976-12;-;Nichts vorhanden
1977-01;-;Nichts vorhanden
1977-02;1980;
1977-03;-;Nichts vorhanden
1977-04;-;Nichts vorhanden
1977-05;-;Nichts vorhanden
1977-06;2042;
1977-07;-;Nichts vorhanden
1977-08;828;
1977-09;-;Nichts vorhanden
1977-10;2421;
1977-11;150;
1977-12;-;Nichts vorhanden
1978-01;-;Nichts vorhanden
1978-02;-;Nichts vorhanden
1978-03;1702;
1978-04;-;Nichts vorhanden
1978-05;-;Nichts vorhanden
1978-06;2702;
1978-07;-;Nichts vorhanden
1978-08;1315;
1978-09;2058;
1978-10;-;Nichts vorhanden
1978-11;731;
1978-12;-;Nichts vorhanden
1979-01;-;Nichts vorhanden
1979-02;1402;
1979-03;-;Nichts vorhanden
1979-04;-;Nichts vorhanden
1979-05;-;Nichts vorhanden
1979-06;-;Nichts vorhanden
1979-07;-;Nichts vorhanden
1979-08;-;Nichts vorhanden
1979-09;-;Nichts vorhanden
1979-10;-;Nichts vorhanden
1979-11;-;Nichts vorhanden
1979-12;-;Nichts vorhanden
1980-01;-;Nichts vorhanden
1980-02;-;Nichts vorhanden
1980-03;-;Nichts vorhanden
1980-04;-;Nichts vorhanden
1980-05;1276;
1980-06;-;Nichts vorhanden
1980-07;-;Nichts vorhanden
1980-08;800;
1980-09;-;Nichts vorhanden
1980-10;-;Nichts vorhanden
1980-11;-;Nichts vorhanden
1980-12;-;Nichts vorhanden
1981-01;-;Nichts vorhanden
1981-02;-;Nichts vorhanden
1981-03;-;Nichts vorhanden
1981-04;-;Nichts vorhanden
1981-05;-;Nichts vorhanden
1981-06;-;Nichts vorhanden
1981-07;-;Nichts vorhanden
1981-08;-;Nichts vorhanden
1981-09;1022;
1981-10;-;Nichts vorhanden
1981-11;-;Nichts vorhanden
1981-12;-;Nichts vorhanden
1982-01;-;Nichts vorhanden
1982-02;-;Nichts vorhanden
1982-03;700;
1982-04;-;Nichts vorhanden
1982-05;-;Nichts vorhanden
1982-06;-;Nichts vorhanden
1982-07;400;
1982-08;1845;
1982-09;1299;
1982-10;150;
1982-11;600;
1982-12;-;Nichts vorhanden
1983-01;-;Nichts vorhanden
1983-02;1775;
1983-03;771;
1983-04;-;Nichts vorhanden
1983-05;-;Nichts vorhanden
1983-06;960;
1983-07;-;Nichts vorhanden
1983-08;1106;
1983-09;-;Nichts vorhanden
1983-10;-;Nichts vorhanden
1983-11;-;Nichts vorhanden
1983-12;-;Nichts vorhanden
1984-01;-;Nichts vorhanden
1984-02;-;Nichts vorhanden
1984-03;1159;
1984-04;300;
1984-05;-;Nichts vorhanden
1984-06;-;Nichts vorhanden
1984-07;-;Nichts vorhanden
1984-08;-;Nichts vorhanden
1984-09;-;Nichts vorhanden
1984-10;-;Nichts vorhanden
1984-11;1088;
1984-12;-;Nichts vorhanden
1985-01;1431;
1985-02;1500;
1985-03;250;
1985-04;-;Nichts vorhanden
1985-05;987;
1985-06;-;Nichts vorhanden
1985-07;-;Nichts vorhanden
1985-08;-;Nichts vorhanden
1985-09;-;Nichts vorhanden
1985-10;-;Nichts vorhanden
1985-11;-;Nichts vorhanden
1985-12;-;Nichts vorhanden
1986-01;-;Nichts vorhanden
1986-02;-;Nichts vorhanden
1986-03;-;Nichts vorhanden
1986-04;-;Nichts vorhanden
1986-05;-;Nichts vorhanden
1986-06;-;Nichts vorhanden
1986-07;-;Nichts vorhanden
1986-08;-;Nichts vorhanden
1986-09;-;Nichts vorhanden
1986-10;2234;
1986-11;410;
1986-12;100;
1987-01;2014;
1987-02;-;Nichts vorhanden
1987-03;-;Nichts vorhanden
1987-04;-;Nichts vorhanden
1987-05;-;Nichts vorhanden
1987-06;-;Nichts vorhanden
1987-07;2679;
1987-08;-;Nichts vorhanden
1987-09;-;Nichts vorhanden
1987-10;-;Nichts vorhanden
1987-11;-;Nichts vorhanden
1987-12;-;Nichts vorhanden
1988-01;1451;
1988-02;-;Nichts vorhanden
1988-03;-;Nichts vorhanden
1988-04;-;Nichts vorhanden
1988-05;-;Nichts vorhanden
1988-06;-;Nichts vorhanden
1988-07;-;Nichts vorhanden
1988-08;941;
1988-09;-;Nichts vorhanden
1988-10;-;Nichts vorhanden
1988-11;-;Nichts vorhanden
1988-12;-;Nichts vorhanden
1989-01;-;Nichts vorhanden
1989-02;-;Nichts vorhanden
1989-03;-;Nichts vorhanden
1989-04;-;Nichts vorhanden
1989-05;-;Nichts vorhanden
1989-06;-;Nichts vorhanden
1989-07;-;Nichts vorhanden
1989-08;-;Nichts vorhanden
1989-09;-;Nichts vorhanden
1989-10;-;Nichts vorhanden
1989-11;-;Nichts vorhanden
1989-12;612;
1990-01;-;Nichts vorhanden
1990-02;-;Nichts vorhanden
1990-03;-;Nichts vorhanden
1990-04;-;Nichts vorhanden
1990-05;-;Nichts vorhanden
1990-06;-;Nichts vorhanden
1990-07;-;Nichts vorhanden
1990-08;-;Nichts vorhanden
1990-09;-;Nichts vorhanden
1990-10;-;Nichts vorhanden
1990-11;-;Nichts vorhanden
1990-12;-;Nichts vorhanden
1991-01;-;Nichts vorhanden
1991-02;-;Nichts vorhanden
1991-03;-;Nichts vorhanden
1991-04;-;Nichts vorhanden
1991-05;4681;
1991-06;316;
1991-07;3359;
1991-08;1107;
1991-09;1120;
1991-10;474;
1991-11;330;
1991-12;194;
1992-01;3602;
1992-02;1111;
1992-03;463;
1992-04;241;
1992-05;152;
1992-06;233;
1992-07;235;
1992-08;3403;
1992-09;1063;
1992-10;469;
1992-11;2513;
1992-12;852;
1993-01;798;
1993-02;2524;
1993-03;584;
1993-04;610;
1993-05;3140;
1993-06;877;
1993-07;919;
1993-08;4076;
1993-09;969;
1993-10;303;
1993-11;2966;
1993-12;875;
1994-01;442;
1994-02;2232;
1994-03;818;
1994-04;458;
1994-05;260;
1994-06;224;
1994-07;-;Nichts vorhanden
1994-08;-;Nichts vorhanden
1994-09;2447;
1994-10;511;
1994-11;538;
1994-12;2795;
1995-01;690;
1995-02;2135;
1995-03;1008;
1995-04;598;
1995-05;3054;
1995-06;1496;
1995-07;982;
1995-08;540;
1995-09;207;
1995-10;-;Nichts vorhanden
1995-11;-;Nichts vorhanden
1995-12;-;Nichts vorhanden
1996-01;-;Nichts vorhanden
1996-02;-;Nichts vorhanden
1996-03;-;Nichts vorhanden
1996-04;-;Nichts vorhanden
1996-05;-;Nichts vorhanden
1996-06;-;Nichts vorhanden
1996-07;-;Nichts vorhanden
1996-08;-;Nichts vorhanden
1996-09;8219;
1996-10;695;
1996-11;754;
1996-12;8052;
1997-01;1916;
1997-02;342;
1997-03;9777;
1997-04;1655;
1997-05;485;
1997-06;8790;
1997-07;1123;
1997-08;186;
1997-09;8307;
1997-10;1243;
1997-11;324;
1997-12;7646;
1998-01;1938;
1998-02;279;
1998-03;9216;
1998-04;1567;
1998-05;891;
1998-06;8079;
1998-07;684;
1998-08;1456;
1998-09;8177;
1998-10;1443;
1998-11;757;
1998-12;8491;
1999-01;932;
1999-02;836;
1999-03;4316;
1999-04;363;
1999-05;324;
1999-06;4976;
1999-07;583;
1999-08;553;
1999-09;5201;
1999-10;380;
1999-11;307;
1999-12;4450;
2000-01;5290;
2000-02;361;
2000-03;4993;
2000-04;5728;
2000-05;624;
2000-06;4663;
2000-07;5259;
2000-08;283;
2000-09;5057;
2000-10;4930;
2000-11;128;
2000-12;6765;
2001-01;6092;
2001-02;438;
2001-03;8371;
2001-04;7454;
2001-05;1037;
2001-06;8895;
2001-07;9804;
2001-08;661;
2001-09;8984;
2001-10;11367;
2001-11;196;
2001-12;9577;
2002-01;5271;
2002-02;601;
2002-03;6515;
2002-04;9652;
2002-05;5633;
2002-06;11525;
2002-07;10080;
2002-08;5397;
2002-09;11260;
2002-10;10639;
2002-11;4558;
2002-12;12439;
2003-01;10744;
2003-02;5337;
2003-03;11644;
2003-04;9232;
2003-05;6026;
2003-06;10813;
2003-07;10994;
2003-08;6143;
2003-09;13244;
2003-10;10933;
2003-11;6342;
2003-12;11661;
2004-01;11617;
2004-02;5180;
2004-03;14998;
2004-04;12477;
2004-05;7142;
2004-06;14290;
2004-07;11651;
2004-08;5965;
2004-09;15568;
2004-10;13713;
2004-11;6393;
2004-12;12007;
2005-01;12781;
2005-02;6303;
2005-03;13892;
2005-04;12704;
2005-05;6443;
2005-06;13736;
2005-07;11501;
2005-08;6518;
2005-09;13255;
2005-10;12499;
2005-11;6624;
2005-12;12959;
2006-01;13919;
2006-02;7347;
2006-03;14772;
2006-04;12796;
2006-05;7147;
2006-06;11592;
2006-07;12957;
2006-08;7419;
2006-09;13200;
2006-10;12078;
2006-11;7008;
2006-12;11317;
2007-01;13676;
2007-02;7267;
2007-03;14427;
2007-04;13204;
2007-05;7411;
2007-06;12768;
2007-07;12803;
2007-08;6253;
2007-09;12367;
2007-10;11326;
2007-11;7299;
2007-12;12493;
2008-01;13253;
2008-02;5226;
2008-03;14940;
2008-04;12756;
2008-05;6780;
2008-06;12167;
2008-07;13886;
2008-08;8522;
2008-09;16399;
2008-10;12539;
2008-11;9467;
2008-12;13631;
2009-01;22120;
2009-02;16305;
2009-03;20988;
2009-04;29591;
2009-05;24758;
2009-06;17221;
2009-07;22614;
2009-08;13207;
2009-09;22448;
2009-10;20705;
2009-11;21872;
2009-12;10493;
2010-01;14712;
2010-02;16456;
2010-03;14964;
2010-04;18605;
2010-05;15054;
2010-06;17666;
2010-07;14798;
2010-08;17478;
2010-09;17128;
2010-10;51454;
2010-11;102727;
2010-12;35050;
2011-01;36886;
2011-02;16509;
2011-03;28716;
2011-04;45616;
2011-05;21797;
2011-06;23562;
2011-07;31496;
2011-08;32792;
2011-09;24352;
2011-10;38941;
2011-11;39132;
2011-12;22089;
2012-01;41867;
2012-02;29962;
2012-03;24093;
2012-04;28009;
2012-05;25950;
2012-06;25822;
2012-07;29373;
2012-08;20495;
2012-09;17454;
2012-10;14544;
2012-11;26115;
2012-12;9257;
2013-01;16637;
2013-02;18778;
2013-03;26200;
2013-04;20071;
2013-05;25321;
2013-06;20928;
2013-07;19512;
2013-08;19692;
2013-09;23638;
2013-10;19654;
2013-11;18363;
2013-12;10348;
2014-01;18268;
2014-02;20900;
2014-03;15653;
2014-04;15159;
2014-05;22003;
2014-06;10598;
2014-07;21274;
2014-08;16555;
2014-09;13007;
2014-10;21174;
2014-11;14968;
2014-12;11937;
2015-01;12179;
2015-02;13674;
2015-03;18859;
2015-04;13923;
2015-05;15713;
2015-06;13483;
2015-07;15037;
2015-08;14706;
2015-09;12174;
2015-10;15574;
2015-11;12670;
2015-12;5645;
2016-01;16666;
2016-02;20996;
2016-03;16601;
2016-04;20310;
2016-05;16052;
2016-06;14776;
2016-07;14415;
2016-08;17928;
2016-09;21944;
2016-10;9774;
2016-11;12524;
2016-12;7529;
2017-01;17204;
2017-02;8225;
2017-03;21345;
2017-04;15865;
2017-05;10332;
2017-06;9871;
2017-07;6540;
2017-08;17251;
2017-09;11759;
2017-10;15064;
2017-11;16549;
2017-12;10142;
2018-01;14448;
2018-02;16246;
2018-03;14461;
2018-04;13753;
2018-05;16634;
2018-06;12589;
2018-07;15359;
2018-08;14407;
2018-09;11516;
2018-10;14174;
2018-11;16977;
2018-12;10473;
2019-01;17522;
2019-02;16917;
2019-03;17524;
2019-04;11697;
2019-05;20337;
2019-06;12178;
2019-07;14189;
2019-08;21436;
2019-09;14397;
2019-10;12993;
2019-11;15832;
2019-12;11946;
2020-01;29306;Bemerkung
2020-02;21246;
2020-03;18987;
2020-04;52193;
2020-05;37349;
2020-06;32913;
2020-07;48622;
2020-08;39421;
2020-09;43376;
2020-10;25687;
2020-11;20622;
2020-12;10481;
2021-01;33534;
2021-02;31469;
2021-03;32118;
2021-04;35131;
2021-05;30925;
2021-06;32858;
2021-07;36301;
2021-08;35047;
2021-09;32751;
2021-10;34333;
2021-11;36391;
2021-12;26517;
2022-01;25789;
2022-02;23907;
2022-03;41854;
2022-04;32604;
2022-05;30980;
2022-06;24547;
2022-07;27102;
2022-08;28737;
2022-09;22545;
2022-10;28438;
2022-11;41964;
2022-12;15678;
2023-01;17798;
2023-02;26704;
2023-03;45166;
2023-04;27155;
2023-05;23508;
2023-06;33445;
2023-07;28671;
2023-08;26067;
2023-09;25904;
2023-10;18655;
2023-11;22543;
2023-12;13702;
2024-01;20809;
2024-02;27548;
2024-03;22132;
2024-04;27560;
2024-05;23722;
2024-06;26405;
2024-07;22274;
2024-08;22001;
2024-09;23907;
2024-10;24128;
2024-11;24854;
2024-12;10431;
2025-01;20831;
2025-02;14179;
2025-03;14013;
2025-04;19261;
2025-05;14279;
2025-06;18291;
2025-07;16751;
2025-08;17252;
2025-09;21770;
2025-10;20279;
2025-11;21298;
2025-12;12117;
2026-01;26118;
2026-02;19785;
2026-03;20934;
2026-04;25156;
2026-05;20215;
2026-06;23834;
2026-07;22509;
"";Bemerkung zu 2020-01: Methodische Änderungen ab Januar 2020.;
