"";BBGFS1.A.BJ9182;BBGFS1.A.BJ9182_FLAGS
"";Volkswirtschaftliche Gesamtrechnungen / Deutschland / Ausgaben des Staates (ESVG 2010) / Zinsausgaben;
Dezimalstellen;0;
Dimension;Millionen;
Einheit;Euro;
Format der Zeitangabe;P1Y;
Kategorie;OFDH;
Kommentar;Gesamtdeutschland (bis einschl. 1990 Westdeutschland nach ESVG 1995);
Kommentar (englisch);For Germany as a whole (western Germany in ESA 1995 definition up to and including 1990);
Quelle;Statistisches Bundesamt;
Quelle (englisch);Federal Statistical Office;
Stand vom;07.09.2026 17:39:35 Uhr;
1970;3330;
1971;3810;
1972;4500;
1973;5390;
1974;6520;
1975;7670;
1976;9610;
1977;10160;
1978;10680;
1979;12970;
1980;16180;
1981;20190;
1982;24040;
1983;26240;
1984;27400;
1985;28630;
1986;28170;
1987;28610;
1988;29840;
1989;31560;
1990;34350;
1991;42650;Bruch, Bemerkung
1992;52770;
1993;55756;
1994;60789;
1995;66581;
1996;66769;
1997;66801;
1998;67765;
1999;64274;
2000;67540;
2001;66201;
2002;66135;
2003;65075;
2004;63816;
2005;63494;
2006;65218;
2007;67686;
2008;69096;
2009;65189;
2010;63851;
2011;67980;
2012;64185;
2013;51902;
2014;47547;
2015;42913;
2016;37888;
2017;34489;
2018;31787;
2019;28052;
2020;22390;
2021;21756;
2022;28057;
2023;37138;Vorläufiger Wert
2024;45920;Vorläufiger Wert
2025;49022;Vorläufiger Wert
"";Bemerkung zu 1991: Wert für Westdeutschland: 39510 (ESVG 1995);
