"";BBSIS.M.I.ABS.FV._T.S1311.A.A.A.A.A.A._Z._Z.A;BBSIS.M.I.ABS.FV._T.S1311.A.A.A.A.A.A._Z._Z.A_FLAGS
"";Brutto-Absatz inländischer Inhaberschuldverschreibungen zu Nominalwerten / Anleihen der öffentlichen Hand / Bund;
Dezimalstellen;0;
Dimension;Millionen;
Einheit;DM/EURO;
Format der Zeitangabe;P1M;
Kategorie;GKWE;
Kommentar;ab Jan.2000 einschl. Unverz.Schatzanw. und Finanz.-Schätze;
Kommentar (englisch);;
Stand vom;10.09.2026 08:05:40 Uhr;
1948-01;0;
1948-02;0;
1948-03;0;
1948-04;0;
1948-05;0;
1948-06;0;
1948-07;0;
1948-08;0;
1948-09;0;
1948-10;0;
1948-11;0;
1948-12;0;
1949-01;0;
1949-02;0;
1949-03;0;
1949-04;0;
1949-05;0;
1949-06;0;
1949-07;0;
1949-08;0;
1949-09;0;
1949-10;0;
1949-11;0;
1949-12;0;
1950-01;0;
1950-02;0;
1950-03;0;
1950-04;0;
1950-05;0;
1950-06;0;
1950-07;0;
1950-08;0;
1950-09;0;
1950-10;0;
1950-11;0;
1950-12;0;
1951-01;0;
1951-02;0;
1951-03;0;
1951-04;0;
1951-05;0;
1951-06;0;
1951-07;0;
1951-08;0;
1951-09;0;
1951-10;33;
1951-11;1;
1951-12;0;
1952-01;0;
1952-02;0;
1952-03;0;
1952-04;0;
1952-05;2;
1952-06;0;
1952-07;1;
1952-08;0;
1952-09;0;
1952-10;0;
1952-11;0;
1952-12;159;
1953-01;335;
1953-02;7;
1953-03;0;
1953-04;0;
1953-05;0;
1953-06;0;
1953-07;0;
1953-08;0;
1953-09;0;
1953-10;0;
1953-11;0;
1953-12;0;
1954-01;0;
1954-02;0;
1954-03;0;
1954-04;0;
1954-05;0;
1954-06;0;
1954-07;0;
1954-08;0;
1954-09;0;
1954-10;0;
1954-11;0;
1954-12;0;
1955-01;0;
1955-02;0;
1955-03;0;
1955-04;0;
1955-05;0;
1955-06;0;
1955-07;0;
1955-08;0;
1955-09;0;
1955-10;0;
1955-11;0;
1955-12;0;
1956-01;0;
1956-02;0;
1956-03;0;
1956-04;0;
1956-05;0;
1956-06;0;
1956-07;0;
1956-08;0;
1956-09;0;
1956-10;0;
1956-11;0;
1956-12;0;
1957-01;0;
1957-02;0;
1957-03;0;
1957-04;0;
1957-05;0;
1957-06;0;
1957-07;0;
1957-08;0;
1957-09;0;
1957-10;0;
1957-11;0;
1957-12;0;
1958-01;0;
1958-02;0;
1958-03;0;
1958-04;0;
1958-05;0;
1958-06;0;
1958-07;0;
1958-08;0;
1958-09;0;
1958-10;0;
1958-11;0;
1958-12;0;
1959-01;0;
1959-02;0;
1959-03;0;
1959-04;0;
1959-05;0;
1959-06;0;
1959-07;167;
1959-08;0;
1959-09;0;
1959-10;165;
1959-11;312;
1959-12;3;
1960-01;498;
1960-02;0;
1960-03;4;
1960-04;29;
1960-05;3;
1960-06;2;
1960-07;4;
1960-08;7;
1960-09;11;
1960-10;65;
1960-11;0;
1960-12;0;
1961-01;795;
1961-02;33;
1961-03;30;
1961-04;111;
1961-05;196;
1961-06;4;
1961-07;4;
1961-08;2;
1961-09;1;
1961-10;0;
1961-11;0;
1961-12;0;
1962-01;0;
1962-02;2;
1962-03;0;
1962-04;0;
1962-05;0;
1962-06;0;
1962-07;400;
1962-08;100;
1962-09;55;
1962-10;294;
1962-11;1;
1962-12;0;
1963-01;503;
1963-02;11;
1963-03;70;
1963-04;557;
1963-05;50;
1963-06;0;
1963-07;412;
1963-08;42;
1963-09;62;
1963-10;331;
1963-11;4;
1963-12;0;
1964-01;700;
1964-02;0;
1964-03;50;
1964-04;20;
1964-05;320;
1964-06;0;
1964-07;50;
1964-08;50;
1964-09;0;
1964-10;400;
1964-11;0;
1964-12;0;
1965-01;399;
1965-02;1;
1965-03;0;
1965-04;0;
1965-05;0;
1965-06;75;
1965-07;350;
1965-08;40;
1965-09;35;
1965-10;210;
1965-11;80;
1965-12;60;
1966-01;250;
1966-02;0;
1966-03;0;
1966-04;0;
1966-05;0;
1966-06;0;
1966-07;0;
1966-08;0;
1966-09;0;
1966-10;0;
1966-11;0;
1966-12;476;
1967-01;508;
1967-02;113;
1967-03;2;
1967-04;250;
1967-05;325;
1967-06;0;
1967-07;600;
1967-08;400;
1967-09;0;
1967-10;250;
1967-11;300;
1967-12;0;
1968-01;600;
1968-02;0;
1968-03;65;
1968-04;300;
1968-05;0;
1968-06;0;
1968-07;400;
1968-08;50;
1968-09;0;
1968-10;0;
1968-11;0;
1968-12;0;
1969-01;62;
1969-02;14;
1969-03;10;
1969-04;9;
1969-05;6;
1969-06;6;
1969-07;74;
1969-08;600;
1969-09;60;
1969-10;229;
1969-11;427;
1969-12;29;
1970-01;65;
1970-02;63;
1970-03;20;
1970-04;476;
1970-05;22;
1970-06;16;
1970-07;34;
1970-08;426;
1970-09;21;
1970-10;16;
1970-11;13;
1970-12;690;
1971-01;672;
1971-02;307;
1971-03;113;
1971-04;195;
1971-05;39;
1971-06;32;
1971-07;58;
1971-08;44;
1971-09;347;
1971-10;269;
1971-11;385;
1971-12;605;
1972-01;1093;
1972-02;955;
1972-03;317;
1972-04;229;
1972-05;116;
1972-06;121;
1972-07;573;
1972-08;87;
1972-09;63;
1972-10;475;
1972-11;48;
1972-12;160;
1973-01;193;
1973-02;705;
1973-03;1564;
1973-04;48;
1973-05;18;
1973-06;96;
1973-07;830;
1973-08;43;
1973-09;645;
1973-10;767;
1973-11;721;
1973-12;107;
1974-01;815;
1974-02;141;
1974-03;324;
1974-04;40;
1974-05;815;
1974-06;226;
1974-07;375;
1974-08;984;
1974-09;289;
1974-10;709;
1974-11;296;
1974-12;1587;
1975-01;1515;
1975-02;1000;
1975-03;377;
1975-04;2429;
1975-05;1055;
1975-06;2370;
1975-07;298;
1975-08;723;
1975-09;239;
1975-10;811;
1975-11;305;
1975-12;2668;
1976-01;370;
1976-02;964;
1976-03;1515;
1976-04;326;
1976-05;2645;
1976-06;223;
1976-07;2650;
1976-08;1551;
1976-09;894;
1976-10;186;
1976-11;1558;
1976-12;3174;
1977-01;687;
1977-02;2468;
1977-03;1273;
1977-04;2310;
1977-05;416;
1977-06;2941;
1977-07;1315;
1977-08;2934;
1977-09;1131;
1977-10;2719;
1977-11;1022;
1977-12;2617;
1978-01;470;
1978-02;1746;
1978-03;2330;
1978-04;1760;
1978-05;214;
1978-06;2882;
1978-07;213;
1978-08;1608;
1978-09;3614;
1978-10;214;
1978-11;2077;
1978-12;1834;
1979-01;235;
1979-02;1893;
1979-03;168;
1979-04;1825;
1979-05;1708;
1979-06;2621;
1979-07;2370;
1979-08;2222;
1979-09;568;
1979-10;1931;
1979-11;501;
1979-12;2253;
1980-01;1198;
1980-02;919;
1980-03;973;
1980-04;5146;
1980-05;3578;
1980-06;2822;
1980-07;2068;
1980-08;1382;
1980-09;220;
1980-10;2487;
1980-11;86;
1980-12;139;
1981-01;4831;
1981-02;656;
1981-03;4161;
1981-04;1050;
1981-05;549;
1981-06;1562;
1981-07;2133;
1981-08;998;
1981-09;4326;
1981-10;1782;
1981-11;2541;
1981-12;800;
1982-01;2371;
1982-02;2489;
1982-03;5369;
1982-04;2977;
1982-05;1846;
1982-06;466;
1982-07;3328;
1982-08;5669;
1982-09;2646;
1982-10;4400;
1982-11;1601;
1982-12;3957;
1983-01;4359;
1983-02;3050;
1983-03;4605;
1983-04;539;
1983-05;1817;
1983-06;4171;
1983-07;2780;
1983-08;3662;
1983-09;1495;
1983-10;3614;
1983-11;2293;
1983-12;3306;
1984-01;4035;
1984-02;4161;
1984-03;4552;
1984-04;2280;
1984-05;1139;
1984-06;2592;
1984-07;2843;
1984-08;4357;
1984-09;2972;
1984-10;5222;
1984-11;2738;
1984-12;3301;
1985-01;6419;
1985-02;5470;
1985-03;5837;
1985-04;4453;
1985-05;5205;
1985-06;3751;
1985-07;4843;
1985-08;3465;
1985-09;906;
1985-10;3182;
1985-11;4346;
1985-12;1657;
1986-01;.;Kein Wert vorhanden
1986-02;.;Kein Wert vorhanden
1986-03;.;Kein Wert vorhanden
1986-04;.;Kein Wert vorhanden
1986-05;.;Kein Wert vorhanden
1986-06;1111;
1986-07;7429;
1986-08;2403;
1986-09;4089;
1986-10;7152;
1986-11;6964;
1986-12;4822;
1987-01;10979;
1987-02;9884;
1987-03;9775;
1987-04;2279;
1987-05;7038;
1987-06;.;Fehlender Wert (unterdrückt)
1987-07;7774;
1987-08;8044;
1987-09;2547;
1987-10;7783;
1987-11;7046;
1987-12;1932;
1988-01;13931;
1988-02;7434;
1988-03;6747;
1988-04;1306;
1988-05;4224;
1988-06;5987;
1988-07;1158;
1988-08;7718;
1988-09;8903;
1988-10;6165;
1988-11;1279;
1988-12;.;Fehlender Wert (unterdrückt)
1989-01;6674;
1989-02;4782;
1989-03;7781;
1989-04;2489;
1989-05;4675;
1989-06;3386;
1989-07;8920;
1989-08;1822;
1989-09;4632;
1989-10;6950;
1989-11;7433;
1989-12;4835;
1990-01;8962;
1990-02;7140;
1990-03;5793;
1990-04;8687;
1990-05;12978;
1990-06;5294;
1990-07;8916;
1990-08;10641;
1990-09;3544;
1990-10;14132;
1990-11;15298;
1990-12;12852;
1991-01;17707;
1991-02;10584;
1991-03;4144;
1991-04;4222;
1991-05;17239;
1991-06;3267;
1991-07;6897;
1991-08;3888;
1991-09;7547;
1991-10;12758;
1991-11;14333;
1991-12;5400;
1992-01;17676;
1992-02;4463;
1992-03;4072;
1992-04;3138;
1992-05;2118;
1992-06;1878;
1992-07;12779;
1992-08;7270;
1992-09;.;Fehlender Wert (unterdrückt)
1992-10;16104;
1992-11;7750;
1992-12;6586;
1993-01;25506;
1993-02;11463;
1993-03;9874;
1993-04;6347;
1993-05;15647;
1993-06;6846;
1993-07;6686;
1993-08;14366;
1993-09;10441;
1993-10;14377;
1993-11;9507;
1993-12;10967;
1994-01;13157;
1994-02;11697;
1994-03;4408;
1994-04;2364;
1994-05;3239;
1994-06;2887;
1994-07;11782;
1994-08;4190;
1994-09;13609;
1994-10;4810;
1994-11;10994;
1994-12;6351;
1995-01;15552;
1995-02;12175;
1995-03;7265;
1995-04;4996;
1995-05;17929;
1995-06;7927;
1995-07;10086;
1995-08;9215;
1995-09;6591;
1995-10;14837;
1995-11;10734;
1995-12;9719;
1996-01;26965;
1996-02;20986;
1996-03;8850;
1996-04;14620;
1996-05;12153;
1996-06;6628;
1996-07;7152;
1996-08;8629;
1996-09;13332;
1996-10;3147;
1996-11;7833;
1996-12;10820;
1997-01;33680;
1997-02;17806;
1997-03;16684;
1997-04;16931;
1997-05;15309;
1997-06;14770;
1997-07;13672;
1997-08;11328;
1997-09;13349;
1997-10;12840;
1997-11;19966;
1997-12;12836;
1998-01;25503;
1998-02;22614;
1998-03;19303;
1998-04;12458;
1998-05;15525;
1998-06;10572;
1998-07;20103;
1998-08;16302;
1998-09;13420;
1998-10;24622;
1998-11;23148;
1998-12;15572;
1999-01;20834;
1999-02;6730;
1999-03;9606;
1999-04;6003;
1999-05;6761;
1999-06;6823;
1999-07;19097;
1999-08;6168;
1999-09;6435;
1999-10;6564;
1999-11;10530;
1999-12;6483;Berichtigter Wert
2000-01;16960;
2000-02;8399;
2000-03;7038;
2000-04;8516;
2000-05;13965;Berichtigter Wert
2000-06;5871;
2000-07;14890;
2000-08;8663;
2000-09;6727;
2000-10;20540;
2000-11;10383;
2000-12;12352;
2001-01;19108;
2001-02;7838;
2001-03;9705;
2001-04;7742;
2001-05;12850;
2001-06;10761;
2001-07;17283;
2001-08;8177;
2001-09;17436;
2001-10;12959;
2001-11;7489;
2001-12;9878;
2002-01;28720;
2002-02;11698;
2002-03;7624;
2002-04;14766;
2002-05;12440;
2002-06;11924;
2002-07;21151;
2002-08;15733;
2002-09;12541;
2002-10;19057;
2002-11;21300;
2002-12;14023;
2003-01;25485;
2003-02;12575;
2003-03;24254;
2003-04;16212;
2003-05;15886;
2003-06;18351;
2003-07;23368;
2003-08;13533;
2003-09;20289;
2003-10;25924;
2003-11;13052;
2003-12;12203;
2004-01;25036;
2004-02;19595;
2004-03;21514;
2004-04;12580;
2004-05;20487;
2004-06;15027;
2004-07;24761;
2004-08;20793;
2004-09;17244;
2004-10;19000;
2004-11;18185;
2004-12;13397;
2005-01;26687;
2005-02;12703;
2005-03;14545;
2005-04;19741;
2005-05;18689;
2005-06;23707;
2005-07;24751;
2005-08;14094;
2005-09;19801;
2005-10;17672;
2005-11;14183;
2005-12;19292;
2006-01;28155;
2006-02;14840;
2006-03;27475;
2006-04;19104;
2006-05;15311;
2006-06;17432;
2006-07;26348;
2006-08;14548;
2006-09;23903;
2006-10;17399;
2006-11;13115;
2006-12;15804;
2007-01;25781;
2007-02;15871;
2007-03;20648;
2007-04;16561;
2007-05;19336;
2007-06;18942;
2007-07;23034;
2007-08;12427;
2007-09;18977;
2007-10;19990;
2007-11;18564;
2007-12;13804;
2008-01;23623;
2008-02;11820;
2008-03;24496;
2008-04;13653;
2008-05;17516;
2008-06;19985;
2008-07;26776;
2008-08;16165;
2008-09;23957;
2008-10;19561;
2008-11;19977;
2008-12;15114;
2009-01;27834;
2009-02;21974;
2009-03;33302;
2009-04;31693;
2009-05;37133;
2009-06;31388;
2009-07;30032;
2009-08;19490;
2009-09;33393;
2009-10;29730;
2009-11;32735;
2009-12;12025;
2010-01;30569;
2010-02;27815;
2010-03;26574;
2010-04;35344;
2010-05;27010;
2010-06;25208;
2010-07;29410;
2010-08;24455;
2010-09;29366;
2010-10;57957;
2010-11;122964;
2010-12;40491;
2011-01;50728;
2011-02;25586;
2011-03;40259;
2011-04;61945;
2011-05;32997;
2011-06;32771;
2011-07;43385;
2011-08;40881;
2011-09;36167;
2011-10;46479;
2011-11;51110;
2011-12;28744;
2012-01;54286;
2012-02;42660;
2012-03;35145;
2012-04;39114;
2012-05;40492;
2012-06;36668;
2012-07;45820;
2012-08;31265;
2012-09;34581;
2012-10;24362;
2012-11;41702;
2012-12;11041;
2013-01;27645;
2013-02;30212;
2013-03;35824;
2013-04;31228;
2013-05;35675;
2013-06;30648;
2013-07;29277;
2013-08;30064;
2013-09;34998;
2013-10;31753;
2013-11;33019;
2013-12;15144;
2014-01;35800;
2014-02;32681;
2014-03;25362;
2014-04;30234;
2014-05;34240;
2014-06;22396;
2014-07;30940;
2014-08;23875;
2014-09;23643;
2014-10;37235;
2014-11;23619;
2014-12;15545;
2015-01;25527;
2015-02;22646;
2015-03;28047;
2015-04;24115;
2015-05;25476;
2015-06;22567;
2015-07;27573;
2015-08;23280;
2015-09;23219;
2015-10;31409;
2015-11;19925;
2015-12;6901;
2016-01;24107;
2016-02;33753;
2016-03;26399;
2016-04;30399;
2016-05;26037;
2016-06;27013;
2016-07;24694;
2016-08;25919;
2016-09;30836;
2016-10;17992;
2016-11;20366;
2016-12;11317;
2017-01;24533;
2017-02;16171;
2017-03;32524;
2017-04;24752;
2017-05;20791;
2017-06;17206;
2017-07;16693;
2017-08;27516;
2017-09;19462;
2017-10;24873;
2017-11;27058;
2017-12;12208;
2018-01;21733;
2018-02;26254;
2018-03;27477;
2018-04;21949;
2018-05;25000;
2018-06;19555;
2018-07;24597;
2018-08;24098;
2018-09;19935;
2018-10;21627;
2018-11;25468;
2018-12;11026;
2019-01;28759;
2019-02;27136;
2019-03;29583;
2019-04;21131;
2019-05;31712;
2019-06;17984;
2019-07;23706;
2019-08;30902;
2019-09;21836;
2019-10;20605;
2019-11;26414;
2019-12;15563;
2020-01;52776;Bemerkung
2020-02;31246;
2020-03;24987;
2020-04;201193;
2020-05;62349;
2020-06;53913;
2020-07;71372;
2020-08;57421;
2020-09;73876;
2020-10;36437;
2020-11;35122;
2020-12;12481;
2021-01;49634;
2021-02;42469;
2021-03;45218;
2021-04;54331;
2021-05;54125;
2021-06;50658;
2021-07;53901;
2021-08;47047;
2021-09;55451;
2021-10;55033;
2021-11;47191;
2021-12;35517;
2022-01;42039;
2022-02;35607;
2022-03;57633;
2022-04;44204;
2022-05;45230;
2022-06;45747;
2022-07;45602;
2022-08;39737;
2022-09;42645;
2022-10;97338;
2022-11;57964;
2022-12;18678;
2023-01;36798;
2023-02;48904;
2023-03;71666;
2023-04;45755;
2023-05;51508;
2023-06;59545;
2023-07;47671;
2023-08;46567;
2023-09;48004;
2023-10;34755;
2023-11;39543;
2023-12;21202;
2024-01;35809;
2024-02;52548;
2024-03;40632;
2024-04;47560;
2024-05;41722;
2024-06;42405;
2024-07;41274;
2024-08;43001;
2024-09;35907;
2024-10;45128;
2024-11;36354;
2024-12;13931;
2025-01;41831;
2025-02;29679;
2025-03;38013;
2025-04;38761;
2025-05;35779;
2025-06;29291;
2025-07;43751;
2025-08;35752;
2025-09;41770;
2025-10;47279;
2025-11;32798;
2025-12;12117;
2026-01;49118;
2026-02;46785;
2026-03;46434;
2026-04;45656;
2026-05;48215;
2026-06;40334;
2026-07;50509;
"";Bemerkung zu 2020-01: Methodische Änderungen ab Januar 2020.;
