"";BBSIS.M.I.UML.FV._T.S1311.A.A.A.A.A.A._Z._Z.A;BBSIS.M.I.UML.FV._T.S1311.A.A.A.A.A.A._Z._Z.A_FLAGS
"";Umlauf inländischer Inhaberschuldverschreibungen zu Nominalwerten / Anleihen der öffentlichen Hand / Bund;
Dezimalstellen;0;
Dimension;Millionen;
Einheit;DM/EURO;
Format der Zeitangabe;P1M;
Kategorie;GKWE;
Stand vom;10.09.2026 08:05:44 Uhr;
1948-01;0;
1948-02;0;
1948-03;0;
1948-04;0;
1948-05;0;
1948-06;0;
1948-07;0;
1948-08;0;
1948-09;0;
1948-10;0;
1948-11;0;
1948-12;0;
1949-01;0;
1949-02;0;
1949-03;0;
1949-04;0;
1949-05;0;
1949-06;0;
1949-07;0;
1949-08;0;
1949-09;0;
1949-10;0;
1949-11;0;
1949-12;0;
1950-01;0;
1950-02;0;
1950-03;0;
1950-04;0;
1950-05;0;
1950-06;0;
1950-07;0;
1950-08;0;
1950-09;0;
1950-10;0;
1950-11;0;
1950-12;0;
1951-01;0;
1951-02;0;
1951-03;0;
1951-04;0;
1951-05;0;
1951-06;0;
1951-07;0;
1951-08;0;
1951-09;0;
1951-10;33;
1951-11;34;
1951-12;34;
1952-01;34;
1952-02;34;
1952-03;34;
1952-04;34;
1952-05;36;
1952-06;36;
1952-07;37;
1952-08;37;
1952-09;37;
1952-10;37;
1952-11;37;
1952-12;196;
1953-01;531;
1953-02;538;
1953-03;538;
1953-04;538;
1953-05;538;
1953-06;538;
1953-07;538;
1953-08;538;
1953-09;538;
1953-10;538;
1953-11;538;
1953-12;538;
1954-01;539;
1954-02;539;
1954-03;539;
1954-04;539;
1954-05;539;
1954-06;539;
1954-07;539;
1954-08;539;
1954-09;539;
1954-10;539;
1954-11;539;
1954-12;539;
1955-01;539;
1955-02;539;
1955-03;539;
1955-04;539;
1955-05;539;
1955-06;539;
1955-07;539;
1955-08;539;
1955-09;539;
1955-10;539;
1955-11;539;
1955-12;539;
1956-01;539;
1956-02;539;
1956-03;539;
1956-04;539;
1956-05;530;
1956-06;528;
1956-07;527;
1956-08;527;
1956-09;525;
1956-10;518;
1956-11;514;
1956-12;505;
1957-01;505;
1957-02;505;
1957-03;493;
1957-04;493;
1957-05;484;
1957-06;484;
1957-07;484;
1957-08;484;
1957-09;461;
1957-10;451;
1957-11;0;
1957-12;0;
1958-01;0;
1958-02;0;
1958-03;0;
1958-04;0;
1958-05;0;
1958-06;0;
1958-07;0;
1958-08;0;
1958-09;0;
1958-10;0;
1958-11;0;
1958-12;0;
1959-01;0;
1959-02;0;
1959-03;0;
1959-04;0;
1959-05;0;
1959-06;0;
1959-07;167;
1959-08;167;
1959-09;167;
1959-10;332;
1959-11;644;
1959-12;647;
1960-01;1145;
1960-02;1145;
1960-03;1149;
1960-04;1178;
1960-05;1181;
1960-06;1182;
1960-07;1186;
1960-08;1193;
1960-09;1204;
1960-10;1269;
1960-11;1269;
1960-12;1269;
1961-01;2064;
1961-02;2097;
1961-03;2127;
1961-04;2238;
1961-05;2434;
1961-06;2438;
1961-07;2442;
1961-08;2444;
1961-09;2445;
1961-10;2445;
1961-11;2445;
1961-12;2445;
1962-01;2445;
1962-02;2447;
1962-03;2447;
1962-04;2447;
1962-05;2447;
1962-06;2366;
1962-07;2766;
1962-08;2866;
1962-09;2921;
1962-10;3215;
1962-11;3109;
1962-12;3109;
1963-01;3612;
1963-02;3606;
1963-03;3676;
1963-04;4231;
1963-05;4281;
1963-06;4281;
1963-07;4548;
1963-08;4590;
1963-09;4652;
1963-10;4983;
1963-11;4912;
1963-12;4912;
1964-01;5612;
1964-02;5601;
1964-03;5651;
1964-04;5666;
1964-05;5986;
1964-06;5986;
1964-07;6009;
1964-08;6059;
1964-09;6059;
1964-10;6459;
1964-11;6424;
1964-12;6424;
1965-01;6823;
1965-02;6823;
1965-03;6823;
1965-04;6823;
1965-05;6823;
1965-06;6898;
1965-07;7248;
1965-08;7253;
1965-09;7288;
1965-10;7498;
1965-11;7542;
1965-12;7572;
1966-01;7822;
1966-02;7775;
1966-03;7775;
1966-04;7774;
1966-05;7774;
1966-06;7774;
1966-07;7774;
1966-08;7708;
1966-09;7708;
1966-10;7708;
1966-11;7671;
1966-12;7929;
1967-01;8319;
1967-02;8384;
1967-03;8386;
1967-04;8636;
1967-05;8960;
1967-06;8960;
1967-07;9510;
1967-08;9860;
1967-09;9859;
1967-10;10109;
1967-11;10373;
1967-12;10039;
1968-01;10521;
1968-02;10473;
1968-03;10537;
1968-04;10836;
1968-05;10836;
1968-06;10836;
1968-07;11210;
1968-08;11209;
1968-09;11209;
1968-10;11209;
1968-11;11172;
1968-12;11172;
1969-01;11077;
1969-02;11044;
1969-03;11052;
1969-04;11060;
1969-05;11056;
1969-06;11062;
1969-07;11059;
1969-08;11608;
1969-09;11644;
1969-10;11823;
1969-11;12162;
1969-12;11593;
1970-01;11501;
1970-02;11447;
1970-03;11430;
1970-04;11897;
1970-05;11906;
1970-06;11799;
1970-07;11774;
1970-08;12095;
1970-09;12041;
1970-10;11825;
1970-11;11643;
1970-12;12173;
1971-01;12437;
1971-02;12377;
1971-03;12364;
1971-04;12553;
1971-05;12577;
1971-06;12342;
1971-07;12146;
1971-08;11984;
1971-09;12177;
1971-10;12309;
1971-11;12651;
1971-12;13013;
1972-01;13775;
1972-02;14677;
1972-03;14989;
1972-04;15213;
1972-05;15315;
1972-06;15431;
1972-07;15864;
1972-08;15776;
1972-09;15707;
1972-10;16160;
1972-11;15955;
1972-12;15987;
1973-01;15975;
1973-02;16513;
1973-03;17974;
1973-04;17920;
1973-05;17826;
1973-06;17650;
1973-07;17989;
1973-08;17611;
1973-09;18050;
1973-10;18455;
1973-11;18967;
1973-12;18529;
1974-01;18949;
1974-02;18879;
1974-03;18990;
1974-04;18944;
1974-05;19621;
1974-06;19743;
1974-07;19746;
1974-08;20569;
1974-09;20561;
1974-10;20697;
1974-11;20586;
1974-12;22038;
1975-01;23088;
1975-02;24026;
1975-03;24347;
1975-04;26674;
1975-05;27714;
1975-06;30006;
1975-07;30260;
1975-08;30905;
1975-09;31072;
1975-10;31486;
1975-11;31519;
1975-12;34163;
1976-01;33994;
1976-02;34709;
1976-03;36217;
1976-04;36489;
1976-05;39120;
1976-06;39325;
1976-07;41588;
1976-08;43131;
1976-09;44018;
1976-10;44199;
1976-11;45753;
1976-12;48810;
1977-01;49454;
1977-02;51473;
1977-03;52532;
1977-04;54724;
1977-05;55027;
1977-06;57906;
1977-07;59095;
1977-08;61731;
1977-09;62860;
1977-10;65576;
1977-11;66597;
1977-12;69072;
1978-01;69260;
1978-02;70884;
1978-03;72947;
1978-04;73870;
1978-05;74071;
1978-06;76880;
1978-07;76070;
1978-08;76421;
1978-09;79911;
1978-10;79872;
1978-11;81595;
1978-12;82817;
1979-01;82729;
1979-02;83720;
1979-03;83847;
1979-04;84786;
1979-05;86003;
1979-06;86032;
1979-07;87716;
1979-08;89292;
1979-09;89459;
1979-10;90798;
1979-11;89484;
1979-12;90898;
1980-01;91301;
1980-02;91619;
1980-03;90626;
1980-04;94120;
1980-05;95546;
1980-06;97399;
1980-07;96042;
1980-08;96710;
1980-09;95576;
1980-10;97369;
1980-11;94841;
1980-12;94293;
1981-01;97566;
1981-02;95977;
1981-03;96460;
1981-04;93944;
1981-05;93325;
1981-06;91646;
1981-07;89067;
1981-08;87458;
1981-09;90216;
1981-10;91357;
1981-11;91843;
1981-12;91359;
1982-01;91995;
1982-02;92392;
1982-03;96896;
1982-04;98754;
1982-05;100554;
1982-06;99565;
1982-07;101272;
1982-08;105955;
1982-09;106507;
1982-10;110777;
1982-11;111527;
1982-12;114418;
1983-01;117394;
1983-02;119409;
1983-03;124004;
1983-04;123410;
1983-05;125105;
1983-06;127949;
1983-07;129990;
1983-08;133496;
1983-09;134934;
1983-10;138541;
1983-11;140825;
1983-12;144115;
1984-01;146895;
1984-02;150579;
1984-03;154412;
1984-04;155966;
1984-05;156469;
1984-06;157750;
1984-07;160100;
1984-08;163628;
1984-09;165135;
1984-10;170326;
1984-11;173054;
1984-12;174549;
1985-01;179932;
1985-02;185029;
1985-03;186656;
1985-04;189151;
1985-05;193796;
1985-06;195100;
1985-07;199334;
1985-08;202344;
1985-09;202234;
1985-10;202366;
1985-11;206206;
1985-12;207857;
1986-01;.;Kein Wert vorhanden
1986-02;.;Kein Wert vorhanden
1986-03;.;Kein Wert vorhanden
1986-04;.;Kein Wert vorhanden
1986-05;229060;
1986-06;227058;
1986-07;234337;
1986-08;234195;
1986-09;237641;
1986-10;243436;
1986-11;249293;
1986-12;251852;
1987-01;259280;
1987-02;268067;
1987-03;276068;
1987-04;275198;
1987-05;281321;
1987-06;281574;
1987-07;287159;
1987-08;291946;
1987-09;292887;
1987-10;297871;
1987-11;301321;
1987-12;300942;
1988-01;310124;
1988-02;315973;
1988-03;320949;
1988-04;321436;
1988-05;324657;
1988-06;326326;
1988-07;327317;
1988-08;334297;
1988-09;340057;
1988-10;344873;
1988-11;344820;
1988-12;347331;
1989-01;348308;
1989-02;352801;
1989-03;356536;
1989-04;355738;
1989-05;359738;
1989-06;361872;
1989-07;365200;
1989-08;364943;
1989-09;364849;
1989-10;367417;
1989-11;372182;
1989-12;374635;
1990-01;380203;
1990-02;384637;
1990-03;384147;
1990-04;386089;
1990-05;397349;
1990-06;398325;
1990-07;402223;
1990-08;411788;
1990-09;412148;
1990-10;424005;
1990-11;431892;
1990-12;441233;
1991-01;451935;
1991-02;456778;
1991-03;459108;
1991-04;455552;
1991-05;467160;
1991-06;465175;
1991-07;469930;
1991-08;471687;
1991-09;476270;
1991-10;483230;
1991-11;496968;
1991-12;493669;
1992-01;506857;
1992-02;506585;
1992-03;505026;
1992-04;504511;
1992-05;504488;
1992-06;503567;
1992-07;514696;
1992-08;516032;
1992-09;523838;
1992-10;535368;
1992-11;538879;
1992-12;537792;
1993-01;561118;
1993-02;567447;
1993-03;572884;
1993-04;577451;
1993-05;588590;
1993-06;593722;
1993-07;598702;
1993-08;606267;
1993-09;613140;
1993-10;623453;
1993-11;629693;
1993-12;638836;
1994-01;644934;
1994-02;653140;
1994-03;655381;
1994-04;652696;
1994-05;655883;
1994-06;654168;
1994-07;658873;
1994-08;660905;
1994-09;669404;
1994-10;672006;
1994-11;682508;
1994-12;681307;
1995-01;687922;
1995-02;692080;
1995-03;690514;
1995-04;692667;
1995-05;691733;
1995-06;696936;
1995-07;690378;
1995-08;699337;
1995-09;705803;
1995-10;705995;
1995-11;716295;
1995-12;712622;
1996-01;720435;
1996-02;726125;
1996-03;733671;
1996-04;738184;
1996-05;748552;
1996-06;752048;
1996-07;755065;
1996-08;758536;
1996-09;759509;
1996-10;762472;
1996-11;764890;
1996-12;771382;
1997-01;792870;
1997-02;801302;
1997-03;802721;
1997-04;819483;
1997-05;824449;
1997-06;839024;
1997-07;837403;
1997-08;839549;
1997-09;839670;
1997-10;836269;
1997-11;850121;
1997-12;852527;
1998-01;862277;
1998-02;865973;
1998-03;879133;
1998-04;888380;
1998-05;893696;
1998-06;903625;
1998-07;918552;
1998-08;921033;
1998-09;924280;
1998-10;938995;
1998-11;955671;
1998-12;951753;
1999-01;502038;
1999-02;501253;
1999-03;504646;
1999-04;508528;
1999-05;510622;
1999-06;509515;
1999-07;528200;
1999-08;533879;
1999-09;529330;
1999-10;533165;
1999-11;542838;
1999-12;541764;
2000-01;558817;
2000-02;564831;
2000-03;561909;
2000-04;562709;
2000-05;567521;
2000-06;566598;
2000-07;576392;
2000-08;573544;
2000-09;574169;
2000-10;580698;
2000-11;582223;
2000-12;584154;
2001-01;593047;
2001-02;594505;
2001-03;598678;
2001-04;600577;
2001-05;602899;
2001-06;603963;
2001-07;616128;
2001-08;617410;
2001-09;618731;
2001-10;624186;
2001-11;621207;
2001-12;625942;
2002-01;643477;
2002-02;648099;
2002-03;647194;
2002-04;651709;
2002-05;656479;
2002-06;661707;
2002-07;670131;
2002-08;677113;
2002-09;684098;
2002-10;691086;
2002-11;698925;
2002-12;691865;
2003-01;709525;
2003-02;710342;
2003-03;719423;
2003-04;725574;
2003-05;728060;
2003-06;731611;
2003-07;741298;
2003-08;743158;
2003-09;742254;
2003-10;762095;
2003-11;764138;
2003-12;761720;
2004-01;779564;
2004-02;784390;
2004-03;787843;
2004-04;793818;
2004-05;806498;
2004-06;803513;
2004-07;816881;
2004-08;826562;
2004-09;820382;
2004-10;833089;
2004-11;834134;
2004-12;827411;
2005-01;839203;
2005-02;838773;
2005-03;835302;
2005-04;848950;
2005-05;845360;
2005-06;851056;
2005-07;869738;
2005-08;862678;
2005-09;864333;
2005-10;865727;
2005-11;873691;
2005-12;874911;
2006-01;883342;
2006-02;871673;
2006-03;878113;
2006-04;883449;
2006-05;892725;
2006-06;888540;
2006-07;908858;
2006-08;903097;
2006-09;903390;
2006-10;914761;
2006-11;921640;
2006-12;917220;
2007-01;920967;
2007-02;912712;
2007-03;912191;
2007-04;922437;
2007-05;935170;
2007-06;934821;
2007-07;936076;
2007-08;921835;
2007-09;919539;
2007-10;933170;
2007-11;945393;
2007-12;938053;
2008-01;939594;
2008-02;931281;
2008-03;933285;
2008-04;926808;
2008-05;938149;
2008-06;938172;
2008-07;935606;
2008-08;944183;
2008-09;946805;
2008-10;945914;
2008-11;959696;
2008-12;954491;
2009-01;960467;
2009-02;975205;
2009-03;986054;
2009-04;991956;
2009-05;1022850;
2009-06;1033869;
2009-07;1020022;
2009-08;1027000;
2009-09;1034884;
2009-10;1034012;
2009-11;1054439;
2009-12;1040314;
2010-01;1038262;
2010-02;1053968;
2010-03;1053399;
2010-04;1056589;
2010-05;1068534;
2010-06;1059696;
2010-07;1058714;
2010-08;1072848;
2010-09;1075380;
2010-10;1209704;
2010-11;1318034;
2010-12;1225141;
2011-01;1218761;
2011-02;1222868;
2011-03;1214956;
2011-04;1239545;
2011-05;1258320;
2011-06;1260066;
2011-07;1252634;
2011-08;1269291;
2011-09;1271757;
2011-10;1273876;
2011-11;1298673;
2011-12;1280401;
2012-01;1272628;
2012-02;1291632;
2012-03;1287315;
2012-04;1286828;
2012-05;1298131;
2012-06;1298814;
2012-07;1300538;
2012-08;1306151;
2012-09;1294160;
2012-10;1289800;
2012-11;1284088;
2012-12;1269285;
2013-01;1248508;
2013-02;1258582;
2013-03;1253182;
2013-04;1236687;
2013-05;1255330;
2013-06;1249973;
2013-07;1241961;
2013-08;1253801;
2013-09;1252382;
2013-10;1253006;
2013-11;1268734;
2013-12;1260604;
2014-01;1249489;
2014-02;1265323;
2014-03;1262566;
2014-04;1254201;
2014-05;1272231;
2014-06;1270512;
2014-07;1255685;
2014-08;1265538;
2014-09;1262250;
2014-10;1264035;
2014-11;1272796;
2014-12;1265000;
2015-01;1255209;
2015-02;1247005;
2015-03;1246398;
2015-04;1242031;
2015-05;1255363;
2015-06;1250381;
2015-07;1243633;
2015-08;1253866;
2015-09;1249303;
2015-10;1247978;
2015-11;1258607;
2015-12;1244977;
2016-01;1234840;
2016-02;1240448;
2016-03;1240507;
2016-04;1223659;
2016-05;1242059;
2016-06;1244579;
2016-07;1231786;
2016-08;1247864;
2016-09;1253850;
2016-10;1245681;
2016-11;1255405;
2016-12;1236757;
2017-01;1227523;
2017-02;1213740;
2017-03;1221438;
2017-04;1217630;
2017-05;1231997;
2017-06;1224911;
2017-07;1212439;
2017-08;1229028;
2017-09;1225020;
2017-10;1221569;
2017-11;1237576;
2017-12;1228668;
2018-01;1218528;
2018-02;1216950;
2018-03;1222586;
2018-04;1200766;
2018-05;1214494;
2018-06;1213527;
2018-07;1207284;
2018-08;1217207;
2018-09;1219486;
2018-10;1210553;
2018-11;1222578;
2018-12;1206622;
2019-01;1201003;
2019-02;1195082;
2019-03;1199448;
2019-04;1187061;
2019-05;1208414;
2019-06;1200875;
2019-07;1189040;
2019-08;1202833;
2019-09;1202962;
2019-10;1188297;
2019-11;1206649;
2019-12;1192997;
2020-01;1220674;Bemerkung
2020-02;1232754;
2020-03;1232288;
2020-04;1381522;
2020-05;1431994;
2020-06;1459142;
2020-07;1480945;
2020-08;1523385;
2020-09;1544750;
2020-10;1543218;
2020-11;1555547;
2020-12;1537862;
2021-01;1542780;
2021-02;1557433;
2021-03;1571403;
2021-04;1573969;
2021-05;1600896;
2021-06;1609374;
2021-07;1604559;
2021-08;1625188;
2021-09;1621693;
2021-10;1626783;
2021-11;1650496;
2021-12;1648602;
2022-01;1636481;
2022-02;1641049;
2022-03;1653604;
2022-04;1647707;
2022-05;1663788;
2022-06;1672894;
2022-07;1663960;
2022-08;1679190;
2022-09;1663366;
2022-10;1719311;
2022-11;1755892;
2022-12;1741372;
2023-01;1748794;
2023-02;1752294;
2023-03;1784313;
2023-04;1773241;
2023-05;1786676;
2023-06;1813924;
2023-07;1837663;
2023-08;1845416;
2023-09;1860748;
2023-10;1857638;
2023-11;1882654;
2023-12;1870570;
2024-01;1859254;
2024-02;1865242;
2024-03;1864236;
2024-04;1865416;
2024-05;1862237;
2024-06;1866819;
2024-07;1885917;
2024-08;1885735;
2024-09;1888055;
2024-10;1896276;
2024-11;1918023;
2024-12;1903900;
2025-01;1923340;
2025-02;1902787;
2025-03;1911015;
2025-04;1912449;
2025-05;1936661;
2025-06;1937730;
2025-07;1968519;
2025-08;1960171;
2025-09;1975726;
2025-10;1976957;
2025-11;2000520;
2025-12;1986849;
2026-01;2021774;
2026-02;2022165;
2026-03;2040052;
2026-04;2028347;
2026-05;2066166;
2026-06;2073499;
2026-07;2107318;
"";Bemerkung zu 2020-01: Methodische Änderungen ab Januar 2020.;
