"";BBSIS.M.I.EMR.RD.EUR.S1311.A.A604.A.R.A.A._Z._Z.A;BBSIS.M.I.EMR.RD.EUR.S1311.A.A604.A.R.A.A._Z._Z.A_FLAGS
"";Emissionsrenditen inländischer Inhaberschuldverschreibungen / Börsennotierte Bundeswertpapiere;
BBK_UNIT_ENG;percent;
Dezimalstellen;1;
Dimension;Eins;
Einheit;Prozent;
Format der Zeitangabe;P1M;
Kategorie;ZRWR;
Stand vom;08.09.2026 15:00:21 Uhr;
1960-01;6,3;
1960-02;.;Kein Wert vorhanden
1960-03;.;Kein Wert vorhanden
1960-04;.;Kein Wert vorhanden
1960-05;.;Kein Wert vorhanden
1960-06;.;Kein Wert vorhanden
1960-07;.;Kein Wert vorhanden
1960-08;.;Kein Wert vorhanden
1960-09;.;Kein Wert vorhanden
1960-10;.;Kein Wert vorhanden
1960-11;.;Kein Wert vorhanden
1960-12;.;Kein Wert vorhanden
1961-01;5,0;
1961-02;.;Kein Wert vorhanden
1961-03;.;Kein Wert vorhanden
1961-04;.;Kein Wert vorhanden
1961-05;.;Kein Wert vorhanden
1961-06;.;Kein Wert vorhanden
1961-07;.;Kein Wert vorhanden
1961-08;.;Kein Wert vorhanden
1961-09;.;Kein Wert vorhanden
1961-10;.;Kein Wert vorhanden
1961-11;.;Kein Wert vorhanden
1961-12;.;Kein Wert vorhanden
1962-01;.;Kein Wert vorhanden
1962-02;.;Kein Wert vorhanden
1962-03;.;Kein Wert vorhanden
1962-04;.;Kein Wert vorhanden
1962-05;.;Kein Wert vorhanden
1962-06;.;Kein Wert vorhanden
1962-07;6,1;
1962-08;.;Kein Wert vorhanden
1962-09;.;Kein Wert vorhanden
1962-10;6,1;
1962-11;.;Kein Wert vorhanden
1962-12;.;Kein Wert vorhanden
1963-01;6,1;
1963-02;.;Kein Wert vorhanden
1963-03;.;Kein Wert vorhanden
1963-04;6,0;
1963-05;.;Kein Wert vorhanden
1963-06;.;Kein Wert vorhanden
1963-07;6,0;
1963-08;.;Kein Wert vorhanden
1963-09;.;Kein Wert vorhanden
1963-10;6,0;
1963-11;.;Kein Wert vorhanden
1963-12;.;Kein Wert vorhanden
1964-01;6,0;
1964-02;.;Kein Wert vorhanden
1964-03;.;Kein Wert vorhanden
1964-04;.;Kein Wert vorhanden
1964-05;6,1;
1964-06;.;Kein Wert vorhanden
1964-07;.;Kein Wert vorhanden
1964-08;.;Kein Wert vorhanden
1964-09;.;Kein Wert vorhanden
1964-10;6,3;
1964-11;.;Kein Wert vorhanden
1964-12;.;Kein Wert vorhanden
1965-01;6,2;
1965-02;.;Kein Wert vorhanden
1965-03;.;Kein Wert vorhanden
1965-04;.;Kein Wert vorhanden
1965-05;.;Kein Wert vorhanden
1965-06;7,1;
1965-07;7,1;
1965-08;.;Kein Wert vorhanden
1965-09;.;Kein Wert vorhanden
1965-10;7,3;
1965-11;.;Kein Wert vorhanden
1965-12;.;Kein Wert vorhanden
1966-01;7,4;
1966-02;.;Kein Wert vorhanden
1966-03;.;Kein Wert vorhanden
1966-04;.;Kein Wert vorhanden
1966-05;.;Kein Wert vorhanden
1966-06;.;Kein Wert vorhanden
1966-07;.;Kein Wert vorhanden
1966-08;.;Kein Wert vorhanden
1966-09;.;Kein Wert vorhanden
1966-10;.;Kein Wert vorhanden
1966-11;.;Kein Wert vorhanden
1966-12;.;Kein Wert vorhanden
1967-01;.;Kein Wert vorhanden
1967-02;.;Kein Wert vorhanden
1967-03;.;Kein Wert vorhanden
1967-04;7,0;
1967-05;.;Kein Wert vorhanden
1967-06;.;Kein Wert vorhanden
1967-07;6,8;
1967-08;.;Kein Wert vorhanden
1967-09;.;Kein Wert vorhanden
1967-10;.;Kein Wert vorhanden
1967-11;.;Kein Wert vorhanden
1967-12;.;Kein Wert vorhanden
1968-01;.;Kein Wert vorhanden
1968-02;.;Kein Wert vorhanden
1968-03;.;Kein Wert vorhanden
1968-04;6,8;
1968-05;.;Kein Wert vorhanden
1968-06;.;Kein Wert vorhanden
1968-07;6,6;
1968-08;.;Kein Wert vorhanden
1968-09;.;Kein Wert vorhanden
1968-10;.;Kein Wert vorhanden
1968-11;.;Kein Wert vorhanden
1968-12;.;Kein Wert vorhanden
1969-01;.;Kein Wert vorhanden
1969-02;.;Kein Wert vorhanden
1969-03;.;Kein Wert vorhanden
1969-04;.;Kein Wert vorhanden
1969-05;.;Kein Wert vorhanden
1969-06;.;Kein Wert vorhanden
1969-07;.;Kein Wert vorhanden
1969-08;.;Kein Wert vorhanden
1969-09;.;Kein Wert vorhanden
1969-10;.;Kein Wert vorhanden
1969-11;7,2;
1969-12;.;Kein Wert vorhanden
1970-01;.;Kein Wert vorhanden
1970-02;.;Kein Wert vorhanden
1970-03;.;Kein Wert vorhanden
1970-04;8,2;
1970-05;.;Kein Wert vorhanden
1970-06;.;Kein Wert vorhanden
1970-07;.;Kein Wert vorhanden
1970-08;8,7;
1970-09;.;Kein Wert vorhanden
1970-10;.;Kein Wert vorhanden
1970-11;.;Kein Wert vorhanden
1970-12;8,7;
1971-01;7,6;
1971-02;.;Kein Wert vorhanden
1971-03;.;Kein Wert vorhanden
1971-04;.;Kein Wert vorhanden
1971-05;.;Kein Wert vorhanden
1971-06;.;Kein Wert vorhanden
1971-07;.;Kein Wert vorhanden
1971-08;.;Kein Wert vorhanden
1971-09;.;Kein Wert vorhanden
1971-10;.;Kein Wert vorhanden
1971-11;.;Kein Wert vorhanden
1971-12;7,9;
1972-01;.;Kein Wert vorhanden
1972-02;.;Kein Wert vorhanden
1972-03;.;Kein Wert vorhanden
1972-04;.;Kein Wert vorhanden
1972-05;.;Kein Wert vorhanden
1972-06;.;Kein Wert vorhanden
1972-07;8,1;
1972-08;.;Kein Wert vorhanden
1972-09;.;Kein Wert vorhanden
1972-10;8,2;
1972-11;.;Kein Wert vorhanden
1972-12;.;Kein Wert vorhanden, Bemerkung
1973-01;.;Kein Wert vorhanden
1973-02;8,6;
1973-03;8,5;
1973-04;.;Kein Wert vorhanden
1973-05;.;Kein Wert vorhanden
1973-06;.;Kein Wert vorhanden
1973-07;10,0;
1973-08;.;Kein Wert vorhanden
1973-09;9,7;
1973-10;9,7;
1973-11;9,4;
1973-12;.;Kein Wert vorhanden
1974-01;9,5;
1974-02;.;Kein Wert vorhanden
1974-03;.;Kein Wert vorhanden
1974-04;.;Kein Wert vorhanden
1974-05;10,5;
1974-06;.;Kein Wert vorhanden
1974-07;.;Kein Wert vorhanden
1974-08;10,4;
1974-09;.;Kein Wert vorhanden
1974-10;10,3;
1974-11;.;Kein Wert vorhanden
1974-12;9,7;
1975-01;9,4;
1975-02;.;Kein Wert vorhanden
1975-03;.;Kein Wert vorhanden
1975-04;8,8;
1975-05;8,3;
1975-06;8,2;
1975-07;.;Kein Wert vorhanden
1975-08;.;Kein Wert vorhanden
1975-09;.;Kein Wert vorhanden
1975-10;.;Kein Wert vorhanden
1975-11;.;Kein Wert vorhanden
1975-12;8,1;
1976-01;.;Kein Wert vorhanden
1976-02;7,9;
1976-03;7,6;
1976-04;.;Kein Wert vorhanden
1976-05;.;Kein Wert vorhanden
1976-06;.;Kein Wert vorhanden
1976-07;8,1;
1976-08;8,2;
1976-09;8,0;
1976-10;.;Kein Wert vorhanden
1976-11;7,3;
1976-12;7,2;
1977-01;.;Kein Wert vorhanden, Bemerkung
1977-02;.;Kein Wert vorhanden
1977-03;7,0;
1977-04;6,8;
1977-05;.;Kein Wert vorhanden
1977-06;.;Kein Wert vorhanden
1977-07;6,5;
1977-08;.;Kein Wert vorhanden
1977-09;6,1;
1977-10;.;Kein Wert vorhanden
1977-11;.;Kein Wert vorhanden
1977-12;5,8;
1978-01;.;Kein Wert vorhanden
1978-02;5,7;
1978-03;.;Kein Wert vorhanden
1978-04;5,4;
1978-05;.;Kein Wert vorhanden
1978-06;.;Kein Wert vorhanden
1978-07;.;Kein Wert vorhanden
1978-08;.;Kein Wert vorhanden
1978-09;6,4;
1978-10;.;Kein Wert vorhanden
1978-11;6,3;
1978-12;6,4;
1979-01;.;Kein Wert vorhanden
1979-02;.;Kein Wert vorhanden
1979-03;.;Kein Wert vorhanden
1979-04;7,2;
1979-05;7,5;
1979-06;8,0;
1979-07;8,0;
1979-08;7,6;
1979-09;7,7;
1979-10;7,7;
1979-11;7,9;
1979-12;7,9;
1980-01;8,0;
1980-02;8,2;
1980-03;9,2;
1980-04;9,6;
1980-05;8,8;
1980-06;8,2;
1980-07;7,9;
1980-08;7,8;
1980-09;8,0;
1980-10;8,4;
1980-11;8,7;
1980-12;9,1;
1981-01;9,1;
1981-02;9,5;
1981-03;10,0;
1981-04;10,1;
1981-05;10,5;
1981-06;10,9;
1981-07;10,5;
1981-08;11,3;
1981-09;11,0;
1981-10;10,5;
1981-11;10,0;
1981-12;9,5;
1982-01;9,8;
1982-02;9,7;
1982-03;9,4;
1982-04;8,9;
1982-05;8,6;
1982-06;9,1;
1982-07;9,2;
1982-08;9,0;
1982-09;8,6;
1982-10;8,2;
1982-11;8,1;
1982-12;7,8;
1983-01;7,5;
1983-02;7,5;
1983-03;7,3;
1983-04;7,0;
1983-05;7,4;
1983-06;8,1;
1983-07;8,0;
1983-08;8,2;
1983-09;8,2;
1983-10;8,2;
1983-11;8,2;
1983-12;8,3;
1984-01;8,2;
1984-02;8,1;
1984-03;7,9;
1984-04;7,9;
1984-05;8,0;
1984-06;8,1;
1984-07;8,1;
1984-08;8,0;
1984-09;7,6;
1984-10;7,3;
1984-11;7,1;
1984-12;7,0;
1985-01;7,1;
1985-02;7,6;
1985-03;7,5;
1985-04;7,2;
1985-05;7,1;
1985-06;6,9;
1985-07;6,7;
1985-08;6,4;
1985-09;6,2;
1985-10;6,4;
1985-11;6,7;
1985-12;6,4;
1986-01;6,3;
1986-02;6,2;
1986-03;5,8;
1986-04;5,5;
1986-05;5,8;
1986-06;5,8;
1986-07;5,8;
1986-08;5,6;
1986-09;5,6;
1986-10;6,0;
1986-11;6,3;
1986-12;5,7;
1987-01;5,9;
1987-02;5,6;
1987-03;5,7;
1987-04;5,2;
1987-05;5,3;
1987-06;5,3;
1987-07;6,1;
1987-08;6,0;
1987-09;6,3;
1987-10;6,6;
1987-11;6,0;
1987-12;5,7;
1988-01;6,1;
1988-02;5,9;
1988-03;5,8;
1988-04;5,7;
1988-05;6,5;
1988-06;5,8;
1988-07;6,2;
1988-08;6,6;
1988-09;6,4;
1988-10;6,1;
1988-11;6,0;
1988-12;6,4;
1989-01;6,4;
1989-02;6,7;
1989-03;6,9;
1989-04;6,8;
1989-05;6,9;
1989-06;6,9;
1989-07;6,7;
1989-08;6,7;
1989-09;6,9;
1989-10;7,1;
1989-11;7,4;
1989-12;7,7;
1990-01;7,5;
1990-02;8,2;
1990-03;8,9;
1990-04;8,8;
1990-05;8,8;
1990-06;8,9;
1990-07;8,7;
1990-08;8,6;
1990-09;8,9;
1990-10;9,0;
1990-11;9,0;
1990-12;8,9;
1991-01;9,0;
1991-02;8,6;
1991-03;8,5;
1991-04;8,5;
1991-05;8,4;
1991-06;8,4;
1991-07;8,8;
1991-08;8,8;
1991-09;8,8;
1991-10;8,4;
1991-11;8,6;
1991-12;8,5;
1992-01;8,3;
1992-02;8,1;
1992-03;8,1;
1992-04;8,1;
1992-05;8,2;
1992-06;8,3;
1992-07;8,0;
1992-08;8,3;
1992-09;7,9;
1992-10;7,3;
1992-11;7,2;
1992-12;7,2;
1993-01;7,0;
1993-02;6,6;
1993-03;6,2;
1993-04;6,4;
1993-05;6,6;
1993-06;6,4;
1993-07;6,1;
1993-08;6,3;
1993-09;6,0;
1993-10;5,8;
1993-11;5,6;
1993-12;5,8;
1994-01;6,2;
1994-02;6,3;
1994-03;6,6;
1994-04;6,5;
1994-05;6,6;
1994-06;7,2;
1994-07;6,5;
1994-08;6,8;
1994-09;7,2;
1994-10;7,1;
1994-11;7,4;
1994-12;7,2;
1995-01;7,4;
1995-02;7,3;
1995-03;6,8;
1995-04;6,6;
1995-05;6,6;
1995-06;6,3;
1995-07;6,6;
1995-08;5,9;
1995-09;5,8;
1995-10;6,3;
1995-11;5,5;
1995-12;5,8;
1996-01;5,7;
1996-02;5,7;
1996-03;5,8;
1996-04;6,0;
1996-05;5,6;
1996-06;5,9;
1996-07;5,8;
1996-08;5,3;
1996-09;5,3;
1996-10;4,7;
1996-11;4,6;
1996-12;4,5;
1997-01;5,7;
1997-02;4,6;
1997-03;5,1;
1997-04;5,6;
1997-05;4,9;
1997-06;5,1;
1997-07;6,4;
1997-08;5,0;
1997-09;5,3;
1997-10;5,8;
1997-11;5,3;
1997-12;5,2;
1998-01;5,3;
1998-02;4,8;
1998-03;4,9;
1998-04;5,3;
1998-05;4,7;
1998-06;4,8;
1998-07;4,9;
1998-08;4,2;
1998-09;3,9;
1998-10;4,2;
1998-11;4,0;
1998-12;3,9;
1999-01;3,9;
1999-02;3,5;
1999-03;3,9;
1999-04;3,8;
1999-05;3,4;
1999-06;4,1;
1999-07;4,6;
1999-08;4,2;
1999-09;4,7;
1999-10;5,4;
1999-11;4,8;
1999-12;4,9;
2000-01;5,7;
2000-02;5,4;
2000-03;5,4;
2000-04;5,1;
2000-05;5,3;
2000-06;5,1;
2000-07;5,3;
2000-08;5,2;
2000-09;5,3;
2000-10;5,3;
2000-11;5,1;
2000-12;4,9;
2001-01;4,9;
2001-02;4,6;
2001-03;4,9;
2001-04;5,3;
2001-05;4,9;
2001-06;4,8;
2001-07;5,1;
2001-08;4,4;
2001-09;4,8;
2001-10;4,6;
2001-11;3,8;
2001-12;4,1;
2002-01;5,0;
2002-02;4,6;
2002-03;4,9;
2002-04;5,2;
2002-05;4,9;
2002-06;4,6;
2002-07;4,9;
2002-08;4,1;
2002-09;3,8;
2002-10;4,4;
2002-11;4,2;
2002-12;3,9;
2003-01;4,4;
2003-02;3,3;
2003-03;3,6;
2003-04;4,1;
2003-05;3,1;
2003-06;2,8;
2003-07;4,2;
2003-08;4,2;
2003-09;4,3;
2003-10;3,9;
2003-11;3,8;
2003-12;3,6;
2004-01;4,5;
2004-02;3,7;
2004-03;3,3;
2004-04;.;Kein Wert vorhanden
2004-05;4,0;
2004-06;4,3;
2004-07;4,5;
2004-08;3,8;
2004-09;3,7;
2004-10;3,3;
2004-11;3,5;
2004-12;3,5;
2005-01;3,8;
2005-02;3,7;
2005-03;3,7;
2005-04;3,2;
2005-05;3,1;
2005-06;2,6;
2005-07;3,4;
2005-08;3,2;
2005-09;2,6;
2005-10;2,9;
2005-11;3,4;
2005-12;3,1;
2006-01;3,5;
2006-02;3,5;
2006-03;3,5;
2006-04;3,7;
2006-05;4,0;
2006-06;3,9;
2006-07;4,1;
2006-08;4,0;
2006-09;3,6;
2006-10;3,8;
2006-11;3,7;
2006-12;3,7;
2007-01;4,0;
2007-02;4,1;
2007-03;4,0;
2007-04;4,1;
2007-05;4,3;
2007-06;4,5;
2007-07;4,6;
2007-08;4,3;
2007-09;4,2;
2007-10;4,1;
2007-11;4,0;
2007-12;4,1;
2008-01;4,3;
2008-02;4,0;
2008-03;3,7;
2008-04;3,8;
2008-05;4,2;
2008-06;4,6;
2008-07;4,7;
2008-08;4,2;
2008-09;4,0;
2008-10;3,5;
2008-11;3,3;
2008-12;3,0;
2009-01;3,1;
2009-02;3,2;
2009-03;2,8;
2009-04;2,8;
2009-05;3,0;
2009-06;3,4;
2009-07;3,3;
2009-08;3,4;
2009-09;2,9;
2009-10;2,9;
2009-11;2,9;
2009-12;2,7;
2010-01;3,1;
2010-02;2,8;
2010-03;2,6;
2010-04;2,8;
2010-05;2,1;
2010-06;2,5;
2010-07;2,4;
2010-08;2,3;
2010-09;1,9;
2010-10;2,2;
2010-11;2,2;
2010-12;1,9;
2011-01;2,6;
2011-02;2,8;
2011-03;2,8;
2011-04;3,1;
2011-05;2,8;
2011-06;2,9;
2011-07;2,5;
2011-08;2,2;
2011-09;1,5;
2011-10;2,2;
2011-11;1,5;
2011-12;1,2;
2012-01;1,8;
2012-02;1,5;
2012-03;1,4;
2012-04;1,6;
2012-05;1,0;
2012-06;1,0;
2012-07;1,2;
2012-08;1,0;
2012-09;1,2;
2012-10;1,0;
2012-11;1,0;
2012-12;1,0;
2013-01;0,9;
2013-02;1,4;
2013-03;1,0;
2013-04;1,1;
2013-05;0,9;
2013-06;1,1;
2013-07;1,1;
2013-08;1,5;
2013-09;1,6;
2013-10;1,6;
2013-11;1,4;
2013-12;0,9;
2014-01;1,3;
2014-02;1,5;
2014-03;1,2;
2014-04;1,2;
2014-05;1,2;
2014-06;1,0;
2014-07;0,8;
2014-08;0,7;
2014-09;0,7;
2014-10;0,8;
2014-11;0,5;
2014-12;0,3;
2015-01;0,4;
2015-02;0,2;
2015-03;0,2;
2015-04;0,0;
2015-05;0,5;
2015-06;0,5;
2015-07;0,5;
2015-08;0,3;
2015-09;0,6;
2015-10;0,4;
2015-11;0,2;
2015-12;0,4;
2016-01;0,2;
2016-02;0,1;
2016-03;0,1;
2016-04;0,1;
2016-05;0,0;
2016-06;-0,1;
2016-07;-0,2;
2016-08;-0,3;
2016-09;-0,2;
2016-10;-0,1;
2016-11;0,1;
2016-12;-0,3;
2017-01;0,5;
2017-02;0,1;
2017-03;0,2;
2017-04;0,0;
2017-05;0,3;
2017-06;0,1;
2017-07;0,4;
2017-08;0,2;
2017-09;0,3;
2017-10;0,3;
2017-11;0,2;
2017-12;0,3;
2018-01;0,7;
2018-02;0,6;
2018-03;0,5;
2018-04;0,4;
2018-05;0,4;
2018-06;0,4;
2018-07;0,2;
2018-08;0,2;
2018-09;0,4;
2018-10;0,4;
2018-11;0,3;
2018-12;-0,1;
2019-01;0,1;
2019-02;0,1;
2019-03;0,0;
2019-04;0,0;
2019-05;-0,2;
2019-06;-0,2;
2019-07;-0,4;
2019-08;-0,6;
2019-09;-0,6;
2019-10;-0,5;
2019-11;-0,4;
2019-12;-0,3;
2020-01;-0,3;
2020-02;-0,4;
2020-03;-0,5;
2020-04;-0,4;
2020-05;-0,5;
2020-06;-0,3;
2020-07;-0,5;
2020-08;-0,5;
2020-09;-0,5;
2020-10;-0,6;
2020-11;-0,7;
2020-12;-0,7;
2021-01;-0,5;
2021-02;-0,4;
2021-03;-0,3;
2021-04;-0,3;
2021-05;-0,1;
2021-06;-0,3;
2021-07;-0,4;
2021-08;-0,5;
2021-09;-0,3;
2021-10;-0,3;
2021-11;-0,3;
2021-12;-0,5;
2022-01;-0,1;
2022-02;0,2;
2022-03;0,2;
2022-04;0,8;
2022-05;1,1;
2022-06;1,4;
2022-07;1,0;
2022-08;1,4;
2022-09;1,7;
2022-10;2,1;
2022-11;2,1;
2022-12;2,0;
2023-01;2,2;
2023-02;2,6;
2023-03;2,4;
2023-04;2,4;
2023-05;2,4;
2023-06;2,5;
2023-07;2,6;
2023-08;2,5;
2023-09;2,7;
2023-10;2,8;
2023-11;2,5;
2023-12;2,4;
2024-01;2,2;
2024-02;2,4;
2024-03;2,4;
2024-04;2,6;
2024-05;2,6;
2024-06;2,5;
2024-07;2,6;
2024-08;2,3;
2024-09;2,1;
2024-10;2,4;
2024-11;2,1;
2024-12;2,4;
2025-01;2,5;
2025-02;2,4;
2025-03;2,7;
2025-04;2,4;
2025-05;2,6;
2025-06;2,5;
2025-07;2,6;
2025-08;2,6;
2025-09;2,7;
2025-10;2,6;
2025-11;2,7;
2025-12;.;Kein Wert vorhanden
2026-01;2,8;
2026-02;2,8;
2026-03;3,0;
2026-04;3,1;
2026-05;3,0;
2026-06;2,9;
2026-07;3,0;
"";Bemerkung zu 1972-12: VERGLEICHSRECHNUNG IN NEUER FORM: -;
"";Bemerkung zu 1977-01: VERGLEICHSRECHNUNG IN ALTER FORM: -;
