"";BBSIS.M.I.UMR.RD.EUR.S1311.B.A604.A.R.A.A._Z._Z.A;BBSIS.M.I.UMR.RD.EUR.S1311.B.A604.A.R.A.A._Z._Z.A_FLAGS
"";Umlaufsrenditen inländischer Inhaberschuldverschreibungen / Börsennotierte Bundeswertpapiere / Monatswerte;
BBK_UNIT_ENG;percent;
Dezimalstellen;2;
Dimension;Eins;
Einheit;Prozent;
Format der Zeitangabe;P1M;
Kategorie;ZRWR;
Kommentar;Anpassung des Kreises der einbezogenen Papiere zum 01.05.2020.;
Kommentar (englisch);Adjustment of the scope of securities included on 1 May 2020. Adjustment of the scope of securities included on 1 May 2020.;
Stand vom;03.09.2026 10:17:20 Uhr;
1960-02;.;Kein Wert vorhanden
1960-03;6,30;
1960-04;6,30;
1960-05;6,40;
1960-06;6,50;
1960-07;6,50;
1960-08;6,40;
1960-09;6,40;
1960-10;6,20;
1960-11;6,00;
1960-12;6,00;
1961-01;6,00;
1961-02;5,90;
1961-03;5,80;
1961-04;5,60;
1961-05;5,50;
1961-06;5,60;
1961-07;5,70;
1961-08;5,90;
1961-09;6,00;
1961-10;6,00;
1961-11;6,00;
1961-12;6,00;
1962-01;5,90;
1962-02;5,80;
1962-03;5,70;
1962-04;5,60;
1962-05;5,80;
1962-06;6,00;
1962-07;6,10;
1962-08;6,10;
1962-09;6,10;
1962-10;6,10;
1962-11;6,10;
1962-12;6,10;
1963-01;6,10;
1963-02;6,00;
1963-03;6,00;
1963-04;6,00;
1963-05;6,00;
1963-06;6,00;
1963-07;6,00;
1963-08;6,00;
1963-09;6,00;
1963-10;6,00;
1963-11;6,00;
1963-12;6,00;
1964-01;5,90;
1964-02;5,80;
1964-03;5,90;
1964-04;6,10;
1964-05;6,20;
1964-06;6,30;
1964-07;6,30;
1964-08;6,30;
1964-09;6,30;
1964-10;6,30;
1964-11;6,30;
1964-12;6,40;
1965-01;6,40;
1965-02;6,50;
1965-03;6,50;
1965-04;6,60;
1965-05;6,90;
1965-06;7,00;
1965-07;7,10;
1965-08;7,20;
1965-09;7,30;
1965-10;7,40;
1965-11;7,40;
1965-12;7,60;
1966-01;7,50;
1966-02;7,50;
1966-03;7,70;
1966-04;8,00;
1966-05;8,00;
1966-06;8,20;
1966-07;8,30;
1966-08;8,30;
1966-09;8,20;
1966-10;8,00;
1966-11;7,90;
1966-12;7,60;
1967-01;7,40;
1967-02;7,30;
1967-03;7,10;
1967-04;6,80;
1967-05;6,80;
1967-06;6,80;
1967-07;6,80;
1967-08;6,70;
1967-09;6,60;
1967-10;6,60;
1967-11;6,60;
1967-12;6,60;
1968-01;6,60;
1968-02;6,60;
1968-03;6,60;
1968-04;6,50;
1968-05;6,30;
1968-06;6,30;
1968-07;6,30;
1968-08;6,30;
1968-09;6,20;
1968-10;6,20;
1968-11;6,20;
1968-12;6,20;
1969-01;6,20;
1969-02;6,20;
1969-03;6,30;
1969-04;6,40;
1969-05;6,40;
1969-06;6,60;
1969-07;6,90;
1969-08;6,90;
1969-09;7,10;
1969-10;7,30;
1969-11;7,30;
1969-12;7,60;
1970-01;7,60;
1970-02;7,70;
1970-03;8,10;
1970-04;8,10;
1970-05;8,40;
1970-06;8,70;
1970-07;8,60;
1970-08;8,40;
1970-09;8,40;
1970-10;8,60;
1970-11;8,60;
1970-12;8,20;
1971-01;7,70;
1971-02;7,70;
1971-03;7,90;
1971-04;7,90;
1971-05;8,00;
1971-06;8,10;
1971-07;8,30;
1971-08;8,20;
1971-09;8,00;
1971-10;7,90;
1971-11;7,90;
1971-12;7,90;
1972-01;7,50;
1972-02;7,30;
1972-03;7,40;
1972-04;7,70;
1972-05;7,80;
1972-06;7,90;
1972-07;8,00;
1972-08;7,90;
1972-09;7,80;
1972-10;8,10;
1972-11;8,40;
1972-12;8,60;Bemerkung
1973-01;8,60;
1973-02;8,50;
1973-03;8,50;
1973-04;8,80;
1973-05;9,20;
1973-06;9,80;
1973-07;9,90;
1973-08;9,70;
1973-09;9,60;
1973-10;9,60;
1973-11;9,40;
1973-12;9,60;
1974-01;9,60;
1974-02;9,90;
1974-03;10,40;
1974-04;10,30;
1974-05;10,50;
1974-06;10,60;
1974-07;10,70;
1974-08;10,60;
1974-09;10,70;
1974-10;10,60;
1974-11;10,30;
1974-12;9,70;
1975-01;9,20;
1975-02;8,70;
1975-03;8,70;
1975-04;8,50;
1975-05;8,20;
1975-06;8,10;
1975-07;8,10;
1975-08;8,10;
1975-09;8,10;
1975-10;8,20;
1975-11;8,30;
1975-12;8,30;
1976-01;8,00;
1976-02;7,80;
1976-03;7,50;
1976-04;7,60;
1976-05;7,80;
1976-06;8,00;
1976-07;8,10;
1976-08;8,10;
1976-09;7,90;
1976-10;7,80;
1976-11;7,40;
1976-12;7,20;
1977-01;7,00;
1977-02;6,90;
1977-03;6,70;
1977-04;6,30;
1977-05;6,10;
1977-06;6,10;
1977-07;6,00;
1977-08;5,70;
1977-09;5,70;
1977-10;5,70;
1977-11;5,70;
1977-12;5,70;
1978-01;5,45;
1978-02;5,35;
1978-03;5,20;
1978-04;5,21;
1978-05;5,34;
1978-06;5,48;
1978-07;5,80;
1978-08;6,04;
1978-09;5,98;
1978-10;5,98;
1978-11;6,16;
1978-12;6,29;
1979-01;6,42;
1979-02;6,74;
1979-03;6,85;
1979-04;7,02;
1979-05;7,62;
1979-06;7,84;
1979-07;7,76;
1979-08;7,50;
1979-09;7,52;
1979-10;7,74;
1979-11;8,06;
1979-12;7,89;
1980-01;8,09;
1980-02;8,48;
1980-03;9,46;
1980-04;9,36;
1980-05;8,64;
1980-06;8,14;
1980-07;7,90;
1980-08;7,81;
1980-09;8,11;
1980-10;8,32;
1980-11;8,70;
1980-12;8,92;
1981-01;9,04;
1981-02;9,88;
1981-03;10,21;
1981-04;10,21;
1981-05;10,85;
1981-06;10,94;
1981-07;11,00;
1981-08;11,24;
1981-09;11,12;
1981-10;10,37;
1981-11;9,94;
1981-12;9,74;
1982-01;9,88;
1982-02;9,82;
1982-03;9,43;
1982-04;8,94;
1982-05;8,79;
1982-06;9,17;
1982-07;9,31;
1982-08;9,03;
1982-09;8,66;
1982-10;8,27;
1982-11;8,15;
1982-12;7,87;
1983-01;7,62;
1983-02;7,67;
1983-03;7,35;
1983-04;7,41;
1983-05;7,62;
1983-06;8,04;
1983-07;8,10;
1983-08;8,29;
1983-09;8,34;
1983-10;8,12;
1983-11;8,09;
1983-12;8,26;
1984-01;8,22;
1984-02;8,01;
1984-03;7,84;
1984-04;7,90;
1984-05;8,04;
1984-06;8,03;
1984-07;8,06;
1984-08;7,87;
1984-09;7,63;
1984-10;7,35;
1984-11;7,15;
1984-12;6,97;
1985-01;7,11;
1985-02;7,47;
1985-03;7,57;
1985-04;7,24;
1985-05;7,06;
1985-06;6,91;
1985-07;6,66;
1985-08;6,40;
1985-09;6,30;
1985-10;6,52;
1985-11;6,53;
1985-12;6,43;
1986-01;6,29;
1986-02;6,14;
1986-03;5,81;
1986-04;5,47;
1986-05;5,80;
1986-06;5,88;
1986-07;5,80;
1986-08;5,62;
1986-09;5,71;
1986-10;5,94;
1986-11;6,02;
1986-12;5,87;
1987-01;5,78;
1987-02;5,66;
1987-03;5,56;
1987-04;5,41;
1987-05;5,29;
1987-06;5,51;
1987-07;5,78;
1987-08;6,00;
1987-09;6,20;
1987-10;6,48;
1987-11;6,00;
1987-12;5,93;
1988-01;5,94;
1988-02;5,73;
1988-03;5,64;
1988-04;5,75;
1988-05;6,09;
1988-06;6,10;
1988-07;6,37;
1988-08;6,53;
1988-09;6,32;
1988-10;6,14;
1988-11;6,07;
1988-12;6,30;
1989-01;6,49;
1989-02;6,85;
1989-03;6,94;
1989-04;6,90;
1989-05;7,06;
1989-06;6,92;
1989-07;6,79;
1989-08;6,81;
1989-09;7,05;
1989-10;7,26;
1989-11;7,59;
1989-12;7,59;
1990-01;7,93;
1990-02;8,69;
1990-03;8,94;
1990-04;8,87;
1990-05;8,92;
1990-06;8,95;
1990-07;8,71;
1990-08;8,97;
1990-09;9,12;
1990-10;9,11;
1990-11;9,04;
1990-12;8,95;
1991-01;9,06;
1991-02;8,58;
1991-03;8,52;
1991-04;8,51;
1991-05;8,52;
1991-06;8,50;
1991-07;8,78;
1991-08;8,76;
1991-09;8,64;
1991-10;8,56;
1991-11;8,57;
1991-12;8,51;
1992-01;8,14;
1992-02;8,08;
1992-03;8,14;
1992-04;8,20;
1992-05;8,26;
1992-06;8,28;
1992-07;8,34;
1992-08;8,38;
1992-09;8,01;
1992-10;7,43;
1992-11;7,29;
1992-12;7,25;
1993-01;6,98;
1993-02;6,77;
1993-03;6,43;
1993-04;6,49;
1993-05;6,59;
1993-06;6,62;
1993-07;6,42;
1993-08;6,18;
1993-09;6,00;
1993-10;5,79;
1993-11;5,63;
1993-12;5,50;
1994-01;5,47;
1994-02;5,76;
1994-03;6,16;
1994-04;6,27;
1994-05;6,44;
1994-06;6,86;
1994-07;6,72;
1994-08;6,94;
1994-09;7,34;
1994-10;7,39;
1994-11;7,35;
1994-12;7,37;
1995-01;7,47;
1995-02;7,27;
1995-03;7,06;
1995-04;6,78;
1995-05;6,51;
1995-06;6,42;
1995-07;6,50;
1995-08;6,37;
1995-09;6,14;
1995-10;6,08;
1995-11;5,79;
1995-12;5,55;
1996-01;5,33;
1996-02;5,70;
1996-03;5,88;
1996-04;5,79;
1996-05;5,81;
1996-06;5,94;
1996-07;5,94;
1996-08;5,72;
1996-09;5,60;
1996-10;5,34;
1996-11;5,27;
1996-12;5,18;
1997-01;5,10;
1997-02;4,87;
1997-03;5,09;
1997-04;5,16;
1997-05;5,07;
1997-06;5,00;
1997-07;4,88;
1997-08;5,09;
1997-09;5,09;
1997-10;5,24;
1997-11;5,24;
1997-12;5,07;
1998-01;4,80;
1998-02;4,68;
1998-03;4,65;
1998-04;4,71;
1998-05;4,76;
1998-06;4,62;
1998-07;4,52;
1998-08;4,29;
1998-09;3,99;
1998-10;3,96;
1998-11;3,99;
1998-12;3,71;
1999-01;3,53;
1999-02;3,66;
1999-03;3,82;
1999-04;3,58;
1999-05;3,69;
1999-06;4,06;
1999-07;4,39;
1999-08;4,65;
1999-09;4,80;
1999-10;5,10;
1999-11;4,88;
1999-12;4,99;
2000-01;5,34;
2000-02;5,35;
2000-03;5,21;
2000-04;5,13;
2000-05;5,35;
2000-06;5,20;
2000-07;5,31;
2000-08;5,29;
2000-09;5,32;
2000-10;5,25;
2000-11;5,20;
2000-12;4,92;
2001-01;4,77;
2001-02;4,77;
2001-03;4,67;
2001-04;4,80;
2001-05;4,98;
2001-06;4,91;
2001-07;4,89;
2001-08;4,71;
2001-09;4,63;
2001-10;4,40;
2001-11;4,29;
2001-12;4,56;
2002-01;4,69;
2002-02;4,78;
2002-03;5,04;
2002-04;5,03;
2002-05;5,06;
2002-06;4,89;
2002-07;4,69;
2002-08;4,42;
2002-09;4,19;
2002-10;4,25;
2002-11;4,22;
2002-12;4,07;
2003-01;3,88;
2003-02;3,70;
2003-03;3,76;
2003-04;3,90;
2003-05;3,57;
2003-06;3,37;
2003-07;3,65;
2003-08;3,90;
2003-09;3,91;
2003-10;3,96;
2003-11;4,08;
2003-12;4,01;
2004-01;3,85;
2004-02;3,81;
2004-03;3,61;
2004-04;3,79;
2004-05;3,94;
2004-06;4,02;
2004-07;3,93;
2004-08;3,81;
2004-09;3,77;
2004-10;3,64;
2004-11;3,52;
2004-12;3,35;
2005-01;3,33;
2005-02;3,33;
2005-03;3,47;
2005-04;3,29;
2005-05;3,12;
2005-06;2,94;
2005-07;3,01;
2005-08;3,04;
2005-09;2,91;
2005-10;3,12;
2005-11;3,33;
2005-12;3,26;
2006-01;3,26;
2006-02;3,40;
2006-03;3,58;
2006-04;3,83;
2006-05;3,88;
2006-06;3,90;
2006-07;3,96;
2006-08;3,85;
2006-09;3,75;
2006-10;3,79;
2006-11;3,87;
2006-12;3,80;
2007-01;4,03;
2007-02;4,06;
2007-03;3,97;
2007-04;4,19;
2007-05;4,32;
2007-06;4,59;
2007-07;4,55;
2007-08;4,31;
2007-09;4,24;
2007-10;4,30;
2007-11;4,11;
2007-12;4,21;
2008-01;4,00;
2008-02;3,85;
2008-03;3,77;
2008-04;4,08;
2008-05;4,26;
2008-06;4,63;
2008-07;4,59;
2008-08;4,26;
2008-09;4,16;
2008-10;3,84;
2008-11;3,41;
2008-12;3,00;
2009-01;2,97;
2009-02;2,92;
2009-03;2,89;
2009-04;3,02;
2009-05;3,15;
2009-06;3,26;
2009-07;3,13;
2009-08;3,10;
2009-09;3,02;
2009-10;3,02;
2009-11;2,99;
2009-12;2,90;
2010-01;2,99;
2010-02;2,84;
2010-03;2,76;
2010-04;2,73;
2010-05;2,37;
2010-06;2,18;
2010-07;2,28;
2010-08;2,06;
2010-09;2,02;
2010-10;2,12;
2010-11;2,26;
2010-12;2,54;
2011-01;2,69;
2011-02;2,90;
2011-03;2,96;
2011-04;3,14;
2011-05;2,90;
2011-06;2,71;
2011-07;2,57;
2011-08;2,04;
2011-09;1,66;
2011-10;1,82;
2011-11;1,66;
2011-12;1,63;
2012-01;1,52;
2012-02;1,56;
2012-03;1,55;
2012-04;1,42;
2012-05;1,19;
2012-06;1,16;
2012-07;1,08;
2012-08;1,13;
2012-09;1,22;
2012-10;1,23;
2012-11;1,11;
2012-12;1,07;
2013-01;1,27;
2013-02;1,30;
2013-03;1,12;
2013-04;1,04;
2013-05;1,10;
2013-06;1,30;
2013-07;1,33;
2013-08;1,49;
2013-09;1,57;
2013-10;1,48;
2013-11;1,40;
2013-12;1,51;
2014-01;1,51;
2014-02;1,34;
2014-03;1,30;
2014-04;1,30;
2014-05;1,16;
2014-06;1,09;
2014-07;0,99;
2014-08;0,86;
2014-09;0,80;
2014-10;0,72;
2014-11;0,66;
2014-12;0,56;
2015-01;0,37;
2015-02;0,27;
2015-03;0,20;
2015-04;0,12;
2015-05;0,47;
2015-06;0,65;
2015-07;0,60;
2015-08;0,48;
2015-09;0,50;
2015-10;0,41;
2015-11;0,39;
2015-12;0,42;
2016-01;0,36;
2016-02;0,11;
2016-03;0,10;
2016-04;0,07;
2016-05;0,06;
2016-06;-0,09;
2016-07;-0,21;
2016-08;-0,22;
2016-09;-0,19;
2016-10;-0,11;
2016-11;0,04;
2016-12;0,08;
2017-01;0,12;
2017-02;0,08;
2017-03;0,13;
2017-04;0,06;
2017-05;0,18;
2017-06;0,12;
2017-07;0,32;
2017-08;0,19;
2017-09;0,19;
2017-10;0,24;
2017-11;0,19;
2017-12;0,17;
2018-01;0,37;
2018-02;0,50;
2018-03;0,39;
2018-04;0,37;
2018-05;0,34;
2018-06;0,23;
2018-07;0,19;
2018-08;0,18;
2018-09;0,27;
2018-10;0,30;
2018-11;0,23;
2018-12;0,12;
2019-01;0,08;
2019-02;0,02;
2019-03;-0,02;
2019-04;-0,06;
2019-05;-0,15;
2019-06;-0,31;
2019-07;-0,37;
2019-08;-0,63;
2019-09;-0,57;
2019-10;-0,45;
2019-11;-0,34;
2019-12;-0,30;
2020-01;-0,30;
2020-02;-0,43;
2020-03;-0,55;
2020-04;-0,44;
2020-05;-0,49;
2020-06;-0,40;
2020-07;-0,48;
2020-08;-0,49;
2020-09;-0,50;
2020-10;-0,58;
2020-11;-0,58;
2020-12;-0,58;
2021-01;-0,55;
2021-02;-0,43;
2021-03;-0,37;
2021-04;-0,33;
2021-05;-0,23;
2021-06;-0,28;
2021-07;-0,41;
2021-08;-0,52;
2021-09;-0,37;
2021-10;-0,25;
2021-11;-0,36;
2021-12;-0,41;
2022-01;-0,19;
2022-02;0,07;
2022-03;0,18;
2022-04;0,67;
2022-05;0,86;
2022-06;1,39;
2022-07;1,02;
2022-08;0,97;
2022-09;1,72;
2022-10;2,12;
2022-11;2,05;
2022-12;2,07;
2023-01;2,23;
2023-02;2,41;
2023-03;2,43;
2023-04;2,40;
2023-05;2,37;
2023-06;2,46;
2023-07;2,55;
2023-08;2,60;
2023-09;2,71;
2023-10;2,84;
2023-11;2,64;
2023-12;2,15;
2024-01;2,22;
2024-02;2,39;
2024-03;2,41;
2024-04;2,50;
2024-05;2,58;
2024-06;2,55;
2024-07;2,50;
2024-08;2,23;
2024-09;2,17;
2024-10;2,21;
2024-11;2,26;
2024-12;2,14;
2025-01;2,44;
2025-02;2,36;
2025-03;2,64;
2025-04;2,39;
2025-05;2,45;
2025-06;2,42;
2025-07;2,52;
2025-08;2,57;
2025-09;2,60;
2025-10;2,55;
2025-11;2,60;
2025-12;2,77;
2026-01;2,76;
2026-02;2,70;
2026-03;2,88;
2026-04;2,99;
2026-05;3,02;
2026-06;2,95;
2026-07;3,06;
2026-08;3,16;
"";Bemerkung zu 1972-12: Bis einschließlich 1972 nur Anleihen der Bundesrepublik. Erläuterungen siehe Reihe WU0017.;
