"";BBSIS.M.I.ABS.FV._T.S1311.A.A.VG004.A.A.A._Z._Z.A;BBSIS.M.I.ABS.FV._T.S1311.A.A.VG004.A.A.A._Z._Z.A_FLAGS
"";Brutto-Absatz inländischer Inhaberschuldverschreibungen zu Nominalwerten / vereinbarte Laufzeit über 4 Jahre / Anleihen der öffentlichen Hand / Bund;
Dezimalstellen;0;
Dimension;Millionen;
Einheit;DM/EURO;
Format der Zeitangabe;P1M;
Kategorie;GKWE;
Stand vom;10.09.2026 08:05:40 Uhr;
1960-01;498;
1960-02;0;
1960-03;1;
1960-04;0;
1960-05;0;
1960-06;2;
1960-07;-;Nichts vorhanden
1960-08;-;Nichts vorhanden
1960-09;-;Nichts vorhanden
1960-10;-;Nichts vorhanden
1960-11;-;Nichts vorhanden
1960-12;-;Nichts vorhanden
1961-01;795;
1961-02;33;
1961-03;30;
1961-04;111;
1961-05;196;
1961-06;4;
1961-07;4;
1961-08;2;
1961-09;1;
1961-10;1;
1961-11;0;
1961-12;0;
1962-01;-;Nichts vorhanden
1962-02;2;
1962-03;0;
1962-04;0;
1962-05;0;
1962-06;-;Nichts vorhanden
1962-07;400;
1962-08;0;
1962-09;55;
1962-10;294;
1962-11;1;
1962-12;-;Nichts vorhanden
1963-01;400;
1963-02;-;Nichts vorhanden
1963-03;-;Nichts vorhanden
1963-04;550;
1963-05;50;
1963-06;-;Nichts vorhanden
1963-07;409;
1963-08;39;
1963-09;35;
1963-10;318;
1963-11;-;Nichts vorhanden
1963-12;-;Nichts vorhanden
1964-01;400;
1964-02;-;Nichts vorhanden
1964-03;-;Nichts vorhanden
1964-04;-;Nichts vorhanden
1964-05;300;
1964-06;-;Nichts vorhanden
1964-07;-;Nichts vorhanden
1964-08;-;Nichts vorhanden
1964-09;-;Nichts vorhanden
1964-10;400;
1964-11;-;Nichts vorhanden
1964-12;-;Nichts vorhanden
1965-01;399;
1965-02;1;
1965-03;-;Nichts vorhanden
1965-04;-;Nichts vorhanden
1965-05;-;Nichts vorhanden
1965-06;75;
1965-07;325;
1965-08;-;Nichts vorhanden
1965-09;-;Nichts vorhanden
1965-10;200;
1965-11;-;Nichts vorhanden
1965-12;-;Nichts vorhanden
1966-01;250;
1966-02;-;Nichts vorhanden
1966-03;-;Nichts vorhanden
1966-04;-;Nichts vorhanden
1966-05;-;Nichts vorhanden
1966-06;-;Nichts vorhanden
1966-07;-;Nichts vorhanden
1966-08;-;Nichts vorhanden
1966-09;-;Nichts vorhanden
1966-10;-;Nichts vorhanden
1966-11;-;Nichts vorhanden
1966-12;-;Nichts vorhanden
1967-01;-;Nichts vorhanden
1967-02;-;Nichts vorhanden
1967-03;-;Nichts vorhanden
1967-04;250;
1967-05;-;Nichts vorhanden
1967-06;-;Nichts vorhanden
1967-07;300;
1967-08;200;
1967-09;-;Nichts vorhanden
1967-10;50;
1967-11;50;
1967-12;-;Nichts vorhanden
1968-01;-;Nichts vorhanden
1968-02;-;Nichts vorhanden
1968-03;-;Nichts vorhanden
1968-04;300;
1968-05;-;Nichts vorhanden
1968-06;-;Nichts vorhanden
1968-07;400;
1968-08;50;
1968-09;-;Nichts vorhanden
1968-10;-;Nichts vorhanden
1968-11;-;Nichts vorhanden
1968-12;-;Nichts vorhanden
1969-01;62;
1969-02;14;
1969-03;10;
1969-04;9;
1969-05;6;
1969-06;6;
1969-07;24;
1969-08;80;
1969-09;60;
1969-10;29;
1969-11;427;
1969-12;29;
1970-01;65;
1970-02;63;
1970-03;20;
1970-04;476;
1970-05;22;
1970-06;16;
1970-07;34;
1970-08;426;
1970-09;21;
1970-10;16;
1970-11;13;
1970-12;290;
1971-01;672;
1971-02;107;
1971-03;113;
1971-04;195;
1971-05;39;
1971-06;32;
1971-07;58;
1971-08;44;
1971-09;47;
1971-10;69;
1971-11;75;
1971-12;605;
1972-01;593;
1972-02;955;
1972-03;317;
1972-04;229;
1972-05;116;
1972-06;121;
1972-07;573;
1972-08;87;
1972-09;63;
1972-10;475;
1972-11;48;
1972-12;85;
1973-01;193;
1973-02;605;
1973-03;1564;
1973-04;48;
1973-05;18;
1973-06;96;
1973-07;830;
1973-08;43;
1973-09;645;
1973-10;767;
1973-11;721;
1973-12;107;
1974-01;815;
1974-02;141;
1974-03;72;
1974-04;40;
1974-05;715;
1974-06;226;
1974-07;375;
1974-08;984;
1974-09;189;
1974-10;709;
1974-11;296;
1974-12;1587;
1975-01;1515;
1975-02;419;
1975-03;377;
1975-04;1355;
1975-05;1055;
1975-06;2370;
1975-07;298;
1975-08;229;
1975-09;239;
1975-10;211;
1975-11;155;
1975-12;970;
1976-01;370;
1976-02;964;
1976-03;1515;
1976-04;326;
1976-05;236;
1976-06;223;
1976-07;1025;
1976-08;901;
1976-09;894;
1976-10;186;
1976-11;1558;
1976-12;3174;
1977-01;687;
1977-02;488;
1977-03;1273;
1977-04;2310;
1977-05;416;
1977-06;898;
1977-07;1315;
1977-08;2106;
1977-09;1131;
1977-10;298;
1977-11;872;
1977-12;2617;
1978-01;470;
1978-02;1746;
1978-03;628;
1978-04;1760;
1978-05;214;
1978-06;179;
1978-07;213;
1978-08;293;
1978-09;1557;
1978-10;214;
1978-11;1346;
1978-12;1834;
1979-01;235;
1979-02;491;
1979-03;168;
1979-04;1825;
1979-05;1708;
1979-06;2621;
1979-07;2370;
1979-08;2222;
1979-09;568;
1979-10;1931;
1979-11;501;
1979-12;2253;
1980-01;1198;
1980-02;919;
1980-03;973;
1980-04;5146;
1980-05;2302;
1980-06;2822;
1980-07;2068;
1980-08;582;
1980-09;220;
1980-10;2487;
1980-11;86;
1980-12;139;
1981-01;4831;
1981-02;656;
1981-03;4161;
1981-04;1050;
1981-05;549;
1981-06;1562;
1981-07;2133;
1981-08;998;
1981-09;3304;
1981-10;1782;
1981-11;2541;
1981-12;800;
1982-01;2371;
1982-02;2489;
1982-03;4669;
1982-04;2977;
1982-05;1846;
1982-06;466;
1982-07;2928;
1982-08;3824;
1982-09;1347;
1982-10;4250;
1982-11;1001;
1982-12;3957;
1983-01;4359;
1983-02;1275;
1983-03;3834;
1983-04;539;
1983-05;1817;
1983-06;3211;
1983-07;2780;
1983-08;2556;
1983-09;1495;
1983-10;3614;
1983-11;2293;
1983-12;3306;
1984-01;4035;
1984-02;4161;
1984-03;3393;
1984-04;1980;
1984-05;1139;
1984-06;2592;
1984-07;2843;
1984-08;4357;
1984-09;2972;
1984-10;5222;
1984-11;1650;
1984-12;3301;
1985-01;4989;
1985-02;3970;
1985-03;5587;
1985-04;4453;
1985-05;4218;
1985-06;3751;
1985-07;4843;
1985-08;3465;
1985-09;906;
1985-10;3182;
1985-11;4346;
1985-12;1657;
1986-01;7488;
1986-02;8457;
1986-03;5868;
1986-04;5306;
1986-05;3669;
1986-06;1111;
1986-07;7429;
1986-08;2403;
1986-09;4089;
1986-10;4918;
1986-11;6554;
1986-12;4722;
1987-01;8964;
1987-02;9884;
1987-03;9775;
1987-04;2279;
1987-05;7038;
1987-06;752;
1987-07;5095;
1987-08;8044;
1987-09;2547;
1987-10;7783;
1987-11;7046;
1987-12;1932;
1988-01;12480;
1988-02;7434;
1988-03;6747;
1988-04;1306;
1988-05;4224;
1988-06;5987;
1988-07;1158;
1988-08;6778;
1988-09;8903;
1988-10;6165;
1988-11;1279;
1988-12;4912;
1989-01;6674;
1989-02;4782;
1989-03;7781;
1989-04;2489;
1989-05;4675;
1989-06;3386;
1989-07;8920;
1989-08;1822;
1989-09;4632;
1989-10;6950;
1989-11;7433;
1989-12;4224;
1990-01;8962;
1990-02;7140;
1990-03;5793;
1990-04;8687;
1990-05;12978;
1990-06;5294;
1990-07;8916;
1990-08;10641;
1990-09;3544;
1990-10;14132;
1990-11;15298;
1990-12;12852;
1991-01;17707;
1991-02;10584;
1991-03;4144;
1991-04;4222;
1991-05;12558;
1991-06;2950;
1991-07;3538;
1991-08;2781;
1991-09;6427;
1991-10;12284;
1991-11;14004;
1991-12;5206;
1992-01;14074;
1992-02;3351;
1992-03;3609;
1992-04;2897;
1992-05;1966;
1992-06;1645;
1992-07;12544;
1992-08;3867;
1992-09;11280;
1992-10;15636;
1992-11;5237;
1992-12;5734;
1993-01;24708;
1993-02;8939;
1993-03;9290;
1993-04;5737;
1993-05;12508;
1993-06;5969;
1993-07;5767;
1993-08;10290;
1993-09;9473;
1993-10;14074;
1993-11;6540;
1993-12;10091;
1994-01;12715;
1994-02;9466;
1994-03;3590;
1994-04;1906;
1994-05;2979;
1994-06;2662;
1994-07;11782;
1994-08;4190;
1994-09;11162;
1994-10;4299;
1994-11;10455;
1994-12;3556;
1995-01;14862;
1995-02;10040;
1995-03;6257;
1995-04;4399;
1995-05;14875;
1995-06;6431;
1995-07;9105;
1995-08;8676;
1995-09;6384;
1995-10;14837;
1995-11;10734;
1995-12;9719;
1996-01;26965;
1996-02;20986;
1996-03;8850;
1996-04;14620;
1996-05;12153;
1996-06;6628;
1996-07;7152;
1996-08;8629;
1996-09;5114;
1996-10;2452;
1996-11;7080;
1996-12;2768;
1997-01;31764;
1997-02;17464;
1997-03;6907;
1997-04;15276;
1997-05;14824;
1997-06;5980;
1997-07;12549;
1997-08;11142;
1997-09;5042;
1997-10;11597;
1997-11;19642;
1997-12;5190;
1998-01;23565;
1998-02;22335;
1998-03;10087;
1998-04;10891;
1998-05;14634;
1998-06;2493;
1998-07;19419;
1998-08;14846;
1998-09;5243;
1998-10;23179;
1998-11;22391;
1998-12;7081;
1999-01;19902;
1999-02;5894;
1999-03;5290;
1999-04;5640;
1999-05;6437;
1999-06;1847;
1999-07;.;Fehlender Wert (unterdrückt)
1999-08;5615;
1999-09;1235;
1999-10;6184;
1999-11;10222;
1999-12;2033;
2000-01;11670;
2000-02;8038;
2000-03;2045;
2000-04;2788;
2000-05;13341;
2000-06;1207;
2000-07;9631;
2000-08;8380;
2000-09;1671;
2000-10;15610;
2000-11;10254;
2000-12;5586;
2001-01;13017;
2001-02;7400;
2001-03;1334;
2001-04;288;
2001-05;11813;
2001-06;1865;
2001-07;7480;
2001-08;7516;
2001-09;8452;
2001-10;1592;
2001-11;7293;
2001-12;302;
2002-01;23448;
2002-02;11097;
2002-03;1109;
2002-04;5113;
2002-05;6807;
2002-06;398;
2002-07;11071;
2002-08;10336;
2002-09;1281;
2002-10;8418;
2002-11;16742;
2002-12;1583;
2003-01;14741;
2003-02;7238;
2003-03;12610;
2003-04;6980;
2003-05;9860;
2003-06;7539;
2003-07;12374;
2003-08;7390;
2003-09;7045;
2003-10;14991;
2003-11;6710;
2003-12;541;
2004-01;13419;
2004-02;14415;
2004-03;6516;
2004-04;103;
2004-05;13344;
2004-06;737;
2004-07;13110;
2004-08;14828;
2004-09;1675;
2004-10;5287;
2004-11;11792;
2004-12;1390;
2005-01;13905;
2005-02;6399;
2005-03;653;
2005-04;7036;
2005-05;12246;
2005-06;9971;
2005-07;13250;
2005-08;7576;
2005-09;6546;
2005-10;5173;
2005-11;7559;
2005-12;6333;
2006-01;14235;
2006-02;7493;
2006-03;12703;
2006-04;6307;
2006-05;8164;
2006-06;5839;
2006-07;13390;
2006-08;7130;
2006-09;10702;
2006-10;5321;
2006-11;6107;
2006-12;4487;
2007-01;12106;
2007-02;8604;
2007-03;6221;
2007-04;3357;
2007-05;11925;
2007-06;6174;
2007-07;10231;
2007-08;6174;
2007-09;6609;
2007-10;8665;
2007-11;11265;
2007-12;1310;
2008-01;10371;
2008-02;6593;
2008-03;9555;
2008-04;897;
2008-05;10736;
2008-06;7818;
2008-07;12890;
2008-08;7643;
2008-09;7559;
2008-10;7022;
2008-11;10510;
2008-12;1483;
2009-01;5715;
2009-02;5669;
2009-03;12313;
2009-04;2103;
2009-05;12375;
2009-06;14167;
2009-07;7418;
2009-08;6283;
2009-09;10945;
2009-10;9025;
2009-11;10863;
2009-12;1533;
2010-01;15857;
2010-02;11358;
2010-03;11610;
2010-04;16739;
2010-05;11956;
2010-06;7543;
2010-07;14612;
2010-08;6977;
2010-09;12238;
2010-10;6503;
2010-11;20237;
2010-12;5440;
2011-01;13842;
2011-02;9078;
2011-03;11544;
2011-04;16329;
2011-05;11200;
2011-06;9209;
2011-07;11889;
2011-08;8089;
2011-09;11815;
2011-10;7538;
2011-11;11977;
2011-12;6655;
2012-01;12419;
2012-02;12697;
2012-03;11051;
2012-04;11106;
2012-05;14542;
2012-06;10846;
2012-07;16447;
2012-08;10770;
2012-09;17127;
2012-10;9817;
2012-11;15587;
2012-12;1785;
2013-01;11009;
2013-02;11434;
2013-03;9624;
2013-04;11156;
2013-05;10354;
2013-06;9720;
2013-07;9765;
2013-08;10372;
2013-09;11360;
2013-10;12099;
2013-11;14656;
2013-12;4796;
2014-01;17532;
2014-02;11780;
2014-03;9710;
2014-04;15075;
2014-05;12237;
2014-06;11798;
2014-07;9666;
2014-08;7320;
2014-09;10636;
2014-10;16061;
2014-11;8651;
2014-12;3608;
2015-01;13348;
2015-02;8971;
2015-03;9188;
2015-04;10192;
2015-05;9762;
2015-06;9084;
2015-07;12536;
2015-08;8575;
2015-09;11046;
2015-10;15835;
2015-11;7256;
2015-12;1255;
2016-01;7441;
2016-02;12757;
2016-03;9798;
2016-04;10089;
2016-05;9985;
2016-06;12237;
2016-07;10279;
2016-08;7991;
2016-09;8892;
2016-10;8218;
2016-11;7842;
2016-12;3788;
2017-01;7328;
2017-02;7946;
2017-03;11180;
2017-04;8887;
2017-05;10459;
2017-06;7335;
2017-07;10153;
2017-08;10265;
2017-09;7702;
2017-10;9808;
2017-11;10509;
2017-12;2066;
2018-01;7285;
2018-02;10008;
2018-03;13017;
2018-04;8197;
2018-05;8366;
2018-06;6966;
2018-07;9238;
2018-08;9691;
2018-09;8419;
2018-10;7453;
2018-11;8491;
2018-12;553;
2019-01;11238;
2019-02;10218;
2019-03;12059;
2019-04;9434;
2019-05;11375;
2019-06;5807;
2019-07;9517;
2019-08;9466;
2019-09;7439;
2019-10;7612;
2019-11;10582;
2019-12;3617;
2020-01;23470;Bemerkung
2020-02;10000;
2020-03;6000;
2020-04;149000;
2020-05;25000;
2020-06;21000;
2020-07;22750;
2020-08;18000;
2020-09;30500;
2020-10;10750;
2020-11;14500;
2020-12;2000;
2021-01;16100;
2021-02;11000;
2021-03;13100;
2021-04;19200;
2021-05;23200;
2021-06;17800;
2021-07;17600;
2021-08;12000;
2021-09;22700;
2021-10;20700;
2021-11;10800;
2021-12;9000;
2022-01;16250;
2022-02;11700;
2022-03;15780;
2022-04;11600;
2022-05;14250;
2022-06;21200;
2022-07;18500;
2022-08;11000;
2022-09;20100;
2022-10;68900;
2022-11;16000;
2022-12;3000;
2023-01;19000;
2023-02;22200;
2023-03;26500;
2023-04;18600;
2023-05;28000;
2023-06;26100;
2023-07;19000;
2023-08;20500;
2023-09;22100;
2023-10;16100;
2023-11;17000;
2023-12;7500;
2024-01;15000;
2024-02;25000;
2024-03;18500;
2024-04;20000;
2024-05;18000;
2024-06;16000;
2024-07;19000;
2024-08;21000;
2024-09;12000;
2024-10;21000;
2024-11;11500;
2024-12;3500;
2025-01;21000;
2025-02;15500;
2025-03;24000;
2025-04;19500;
2025-05;21500;
2025-06;11000;
2025-07;27000;
2025-08;18500;
2025-09;20000;
2025-10;27000;
2025-11;11500;
2025-12;-;Nichts vorhanden
2026-01;23000;
2026-02;27000;
2026-03;25500;
2026-04;20500;
2026-05;28000;
2026-06;16500;
2026-07;28000;
"";Bemerkung zu 2020-01: Methodische Änderungen ab Januar 2020.;
