key,kind,n,first_date,maturity,new_in_data,interest_start,long_first,first_coupon_basis,n_fit,fit_median,fit_max,runner_up,runner_up_median,base_ref_rpi,base_source
2% Index-linked Treasury Stock 2035,linker8,13,2002-07-10,,,,False,,,,,,,,
2.5% Index-linked Treasury Stock 2009,linker8,1,2003-04-16,,,,False,,,,,,,,
2.5% Index-linked Treasury Stock 2011,linker8,3,1999-07-28,,,,False,,,,,,,,
2.5% Index-linked Treasury Stock 2013,linker8,7,1998-11-25,,,,False,,,,,,,,
2.5% Index-linked Treasury Stock 2016,linker8,6,1999-10-27,,,,False,,,,,,,,
2.5% Index-linked Treasury Stock 2020,linker8,5,2000-05-03,,,,False,,,,,,,,
2.5% Index-linked Treasury Stock 2024,linker8,5,1999-01-27,,,,False,,,,,,,,
4.125% Index-linked Treasury Stock 2030,linker8,7,1999-04-28,,,,False,,,,,,,,
5% Treasury Stock 2004,fixed,1,1999-06-22,2004-06-19,True,1999-06-23,False,"Zinslaufbeginn = Valuta der ersten erfassten Emission (kurzer erster Kupon), aus den Renditen abgeleitet",1,1e-05,1e-05,2004-06-16,4.1e-05,,
4.5% Treasury Stock 2007,fixed,4,2004-02-12,2007-03-07,True,2004-02-13,True,"Zinslaufbeginn = Valuta der ersten erfassten Emission (langer erster Kupon), aus den Renditen abgeleitet",4,0.0,0.0,2007-03-08,0.000571,,
5% Treasury Stock 2008,fixed,3,2002-06-25,2008-03-05,True,2002-06-26,False,"Zinslaufbeginn = Valuta der ersten erfassten Emission (kurzer erster Kupon), aus den Renditen abgeleitet",3,0.00046,0.000503,2008-03-04,0.000172,,
4% Treasury Stock 2009,fixed,6,2003-05-13,2009-03-07,True,2003-05-14,False,"Zinslaufbeginn = Valuta der ersten erfassten Emission (kurzer erster Kupon), aus den Renditen abgeleitet",6,8.1e-05,0.000336,2009-03-08,0.000331,,
5.75% Treasury Stock 2009,fixed,4,1998-07-29,2009-12-07,False,1997-06-25,False,regulärer Kuponkalender (Anleihe schon vor der ersten erfassten Emission im Umlauf),3,0.0,0.00126,2009-12-08,0.001264,,
4.75% Treasury Stock 2010,fixed,5,2004-11-18,2010-06-07,True,2004-11-19,True,"Zinslaufbeginn = Valuta der ersten erfassten Emission (langer erster Kupon), aus den Renditen abgeleitet",5,0.0,1e-06,2010-06-08,6e-05,,
4.25% Treasury Gilt 2011,fixed,6,2005-11-08,2011-03-07,True,2005-11-09,False,"Zinslaufbeginn = Valuta der ersten erfassten Emission (kurzer erster Kupon), aus den Renditen abgeleitet",6,0.0,0.0,2011-03-08,0.00031,,
3.25% Treasury Gilt 2011,fixed,4,2008-11-13,2011-12-07,True,2008-11-14,True,"Zinslaufbeginn = Valuta der ersten erfassten Emission (langer erster Kupon), aus den Renditen abgeleitet",4,0.0,0.0,2011-12-06,0.000511,,
5% Treasury Stock 2012,fixed,4,2001-05-24,2012-03-07,False,2001-04-04,False,"Zinslaufbeginn vor der ersten erfassten Emission (Erstemission nicht in den Daten), aus den Renditen abgeleitet",4,9e-06,0.000341,2012-03-07,0.000341,,
5.25% Treasury Gilt 2012,fixed,7,2007-03-15,2012-06-07,True,2007-03-16,False,"Zinslaufbeginn = Valuta der ersten erfassten Emission (kurzer erster Kupon), aus den Renditen abgeleitet",7,0.0,0.0,2012-06-08,0.000397,,
4.5% Treasury Gilt 2013,fixed,8,2008-03-04,2013-03-07,True,2008-03-05,True,"Zinslaufbeginn = Valuta der ersten erfassten Emission (langer erster Kupon), aus den Renditen abgeleitet",8,0.0,0.0,2013-03-08,0.000791,,
2.25% Treasury Gilt 2014,fixed,7,2009-03-19,2014-03-07,True,2009-03-20,False,"Zinslaufbeginn = Valuta der ersten erfassten Emission (kurzer erster Kupon), aus den Renditen abgeleitet",7,0.0,0.0,2014-03-06,0.00023,,
5% Treasury Stock 2014,fixed,11,2002-07-24,2014-09-07,True,2002-07-25,False,"Zinslaufbeginn = Valuta der ersten erfassten Emission (kurzer erster Kupon), aus den Renditen abgeleitet",11,0.0,0.000899,2014-09-06,0.001006,,
2.75% Treasury Gilt 2015,fixed,6,2009-11-03,2015-01-22,True,2009-11-04,False,"Zinslaufbeginn = Valuta der ersten erfassten Emission (kurzer erster Kupon), aus den Renditen abgeleitet",6,0.0,0.0,2015-01-21,0.000164,,
4.75% Treasury Stock 2015,fixed,11,2003-09-25,2015-09-07,True,2003-09-26,False,"Zinslaufbeginn = Valuta der ersten erfassten Emission (kurzer erster Kupon), aus den Renditen abgeleitet",11,0.0,0.0,2015-09-08,0.000267,,
2% Treasury Gilt 2016,fixed,7,2010-11-02,2016-01-22,True,2010-11-03,False,"Zinslaufbeginn = Valuta der ersten erfassten Emission (kurzer erster Kupon), aus den Renditen abgeleitet",7,0.0,0.0,2016-01-23,0.000285,,
4% Treasury Gilt 2016,fixed,9,2006-03-01,2016-09-07,True,2006-03-02,True,"Zinslaufbeginn = Valuta der ersten erfassten Emission (langer erster Kupon), aus den Renditen abgeleitet",9,0.0,0.0,2016-09-08,0.000129,,
1.75% Treasury Gilt 2017,fixed,7,2011-08-18,2017-01-22,True,2011-08-19,False,"Zinslaufbeginn = Valuta der ersten erfassten Emission (kurzer erster Kupon), aus den Renditen abgeleitet",7,0.0,1e-06,2017-01-23,0.000286,,
1% Treasury Gilt 2017,fixed,7,2012-03-07,2017-09-07,False,2011-02-02,False,regulärer Kuponkalender (Anleihe schon vor der ersten erfassten Emission im Umlauf),7,1e-06,3e-06,2017-09-06,6.9e-05,,
1.25% Index-linked Treasury Gilt 2017,linker3,12,2006-02-07,2017-11-22,True,2006-02-08,False,"Zinslaufbeginn = Valuta der ersten erfassten Emission (kurzer erster Kupon), aus den Renditen abgeleitet",12,0.0,0.0,2017-11-21,0.000109,193.725,Erstemission in den Daten
5% Treasury Gilt 2018,fixed,10,2007-05-24,2018-03-07,True,2007-05-25,False,"Zinslaufbeginn = Valuta der ersten erfassten Emission (kurzer erster Kupon), aus den Renditen abgeleitet",10,0.0,0.0,2018-03-08,9.3e-05,,
1.25% Treasury Gilt 2018,fixed,7,2013-02-14,2018-07-22,True,2013-02-15,False,"Zinslaufbeginn = Valuta der ersten erfassten Emission (kurzer erster Kupon), aus den Renditen abgeleitet",7,0.0,0.0,2018-07-23,0.000113,,
4.5% Treasury Gilt 2019,fixed,10,2008-09-25,2019-03-07,True,2008-09-26,False,"Zinslaufbeginn = Valuta der ersten erfassten Emission (kurzer erster Kupon), aus den Renditen abgeleitet",10,0.0,0.0,2019-03-08,0.000229,,
1.75% Treasury Gilt 2019,fixed,9,2013-11-21,2019-07-22,True,2013-11-22,False,"Zinslaufbeginn = Valuta der ersten erfassten Emission (kurzer erster Kupon), aus den Renditen abgeleitet",9,0.0,0.0,2019-07-23,0.000101,,
3.75% Treasury Gilt 2019,fixed,7,2009-07-07,2019-09-07,True,2009-07-08,False,"Zinslaufbeginn = Valuta der ersten erfassten Emission (kurzer erster Kupon), aus den Renditen abgeleitet",7,0.0,0.0,2019-09-06,3.5e-05,,
0.125% Index-linked Treasury Gilt 2019,linker3,5,2013-08-20,2019-11-22,True,2013-08-21,False,"Zinslaufbeginn = Valuta der ersten erfassten Emission (kurzer erster Kupon), aus den Renditen abgeleitet",5,0.0,0.0,2019-11-21,0.0005,249.806452,Erstemission in den Daten
4.75% Treasury Stock 2020,fixed,9,2005-03-24,2020-03-07,True,2005-03-29,False,"Zinslaufbeginn = Valuta der ersten erfassten Emission (kurzer erster Kupon), aus den Renditen abgeleitet",9,0.0,0.0,2020-03-06,0.000127,,
2% Treasury Gilt 2020,fixed,8,2014-09-02,2020-07-22,True,2014-09-03,False,"Zinslaufbeginn = Valuta der ersten erfassten Emission (kurzer erster Kupon), aus den Renditen abgeleitet",8,0.0,0.0,2020-07-23,0.000251,,
3.75% Treasury Gilt 2020,fixed,7,2010-06-09,2020-09-07,True,2010-06-10,False,"Zinslaufbeginn = Valuta der ersten erfassten Emission (kurzer erster Kupon), aus den Renditen abgeleitet",7,0.0,1e-06,2020-09-06,6.2e-05,,
1.5% Treasury Gilt 2021,fixed,9,2015-09-02,2021-01-22,True,2015-09-03,False,"Zinslaufbeginn = Valuta der ersten erfassten Emission (kurzer erster Kupon), aus den Renditen abgeleitet",9,0.0,0.0,2021-01-23,0.000326,,
3.75% Treasury Gilt 2021,fixed,8,2011-03-17,2021-09-07,True,2011-03-18,False,"Zinslaufbeginn = Valuta der ersten erfassten Emission (kurzer erster Kupon), aus den Renditen abgeleitet",8,0.0,1e-06,2021-09-08,0.00023,,
4% Treasury Gilt 2022,fixed,11,2009-02-26,2022-03-07,True,2009-02-27,True,"Zinslaufbeginn = Valuta der ersten erfassten Emission (langer erster Kupon), aus den Renditen abgeleitet",11,0.0,0.0,2022-03-08,4.6e-05,,
0.5% Treasury Gilt 2022,fixed,10,2016-08-02,2022-07-22,True,2016-08-03,False,"Zinslaufbeginn = Valuta der ersten erfassten Emission (kurzer erster Kupon), aus den Renditen abgeleitet",10,0.0,0.0,2022-07-21,4.6e-05,,
1.75% Treasury Gilt 2022,fixed,8,2012-06-21,2022-09-07,True,2012-06-22,False,"Zinslaufbeginn = Valuta der ersten erfassten Emission (kurzer erster Kupon), aus den Renditen abgeleitet",8,0.0,0.0,2022-09-08,1.6e-05,,
1.875% Index-linked Treasury Gilt 2022,linker3,14,2007-07-10,2022-11-22,True,2007-07-11,False,"Zinslaufbeginn = Valuta der ersten erfassten Emission (kurzer erster Kupon), aus den Renditen abgeleitet",14,0.0,0.0,2022-11-23,0.00012,205.658065,Erstemission in den Daten
0.125% Treasury Gilt 2023,fixed,9,2020-04-07,2023-01-31,False,2019-03-05,False,regulärer Kuponkalender (Anleihe schon vor der ersten erfassten Emission im Umlauf),9,0.0,5e-06,2023-01-30,0.000164,,
0.75% Treasury Gilt 2023,fixed,11,2017-07-19,2023-07-22,False,2016-06-15,False,regulärer Kuponkalender (Anleihe schon vor der ersten erfassten Emission im Umlauf),11,0.0,3e-06,2023-07-23,0.000117,,
2.25% Treasury Gilt 2023,fixed,9,2013-06-11,2023-09-07,True,2013-06-12,False,"Zinslaufbeginn = Valuta der ersten erfassten Emission (kurzer erster Kupon), aus den Renditen abgeleitet",9,0.0,0.0,2023-09-08,0.000129,,
0.125% Treasury Gilt 2024,fixed,9,2020-10-06,2024-01-31,False,2019-09-03,False,regulärer Kuponkalender (Anleihe schon vor der ersten erfassten Emission im Umlauf),9,0.0,1e-06,2024-01-30,8.7e-05,,
0.125% Index-linked Treasury Gilt 2024,linker3,11,2012-10-11,2024-03-22,False,2011-09-08,False,regulärer Kuponkalender (Anleihe schon vor der ersten erfassten Emission im Umlauf),11,0.0,2e-06,2024-03-21,0.00021,242.458077,"aus dem Cash-Erlös der ersten erfassten Emission (2012-10-11) zurückgerechnet, da die Erstemission nicht in den Daten liegt"
1% Treasury Gilt 2024,fixed,11,2018-07-24,2024-04-22,True,2018-07-25,False,"Zinslaufbeginn = Valuta der ersten erfassten Emission (kurzer erster Kupon), aus den Renditen abgeleitet",11,0.0,0.0,2024-04-21,8.3e-05,,
2.75% Treasury Gilt 2024,fixed,10,2014-03-11,2024-09-07,True,2014-03-12,False,"Zinslaufbeginn = Valuta der ersten erfassten Emission (kurzer erster Kupon), aus den Renditen abgeleitet",10,0.0,0.0,2024-09-08,0.000135,,
0.25% Treasury Gilt 2025,fixed,10,2021-07-01,2025-01-31,True,2021-07-02,True,"Zinslaufbeginn = Valuta der ersten erfassten Emission (langer erster Kupon), aus den Renditen abgeleitet",10,0.0,0.0,2025-02-01,0.001775,,
5% Treasury Stock 2025,fixed,12,2001-09-26,2025-03-07,False,2000-08-23,False,regulärer Kuponkalender (Anleihe schon vor der ersten erfassten Emission im Umlauf),12,0.0,0.000545,2025-03-08,0.000297,,
0.625% Treasury Gilt 2025,fixed,13,2019-07-02,2025-06-07,True,2019-07-03,False,"Zinslaufbeginn = Valuta der ersten erfassten Emission (kurzer erster Kupon), aus den Renditen abgeleitet",13,0.0,5.2e-05,2025-06-06,0.000187,,
2% Treasury Gilt 2025,fixed,12,2015-03-19,2025-09-07,True,2015-03-20,False,"Zinslaufbeginn = Valuta der ersten erfassten Emission (kurzer erster Kupon), aus den Renditen abgeleitet",12,0.0,0.0,2025-09-08,4.6e-05,,
3.5% Treasury Gilt 2025,fixed,8,2023-01-17,2025-10-22,True,2023-01-18,False,"Zinslaufbeginn = Valuta der ersten erfassten Emission (kurzer erster Kupon), aus den Renditen abgeleitet",8,0.0,0.0,2025-10-23,0.001495,,
0.125% Treasury Gilt 2026,fixed,13,2020-06-02,2026-01-30,False,2019-04-30,False,regulärer Kuponkalender (Anleihe schon vor der ersten erfassten Emission im Umlauf),13,0.0,0.000351,2026-01-29,6.4e-05,,
0.125% Index-linked Treasury Gilt 2026,linker3,11,2015-07-15,2026-03-22,False,2014-06-11,False,regulärer Kuponkalender (Anleihe schon vor der ersten erfassten Emission im Umlauf),11,0.0,4e-06,2026-03-21,0.00056,258.293696,"aus dem Cash-Erlös der ersten erfassten Emission (2015-07-15) zurückgerechnet, da die Erstemission nicht in den Daten liegt"
1.5% Treasury Gilt 2026,fixed,14,2016-02-17,2026-07-22,True,2016-02-18,False,"Zinslaufbeginn = Valuta der ersten erfassten Emission (kurzer erster Kupon), aus den Renditen abgeleitet",14,0.0,0.0,2026-07-21,0.00011,,
0.375% Treasury Gilt 2026,fixed,10,2021-03-02,2026-10-22,True,2021-03-03,True,"Zinslaufbeginn = Valuta der ersten erfassten Emission (langer erster Kupon), aus den Renditen abgeleitet",10,0.0,0.0,2026-10-23,2.9e-05,,
4.125% Treasury Gilt 2027,fixed,8,2022-10-12,2027-01-29,True,2022-10-13,False,"Zinslaufbeginn = Valuta der ersten erfassten Emission (kurzer erster Kupon), aus den Renditen abgeleitet",8,0.0,0.0,2027-01-30,0.000289,,
3.75% Treasury Gilt 2027,fixed,8,2024-01-10,2027-03-07,True,2024-01-11,True,"Zinslaufbeginn = Valuta der ersten erfassten Emission (langer erster Kupon), aus den Renditen abgeleitet",8,0.0,0.0,2027-03-08,0.000466,,
1.25% Treasury Gilt 2027,fixed,14,2017-03-14,2027-07-22,True,2017-03-15,False,"Zinslaufbeginn = Valuta der ersten erfassten Emission (kurzer erster Kupon), aus den Renditen abgeleitet",14,0.0,0.0,2027-07-23,3e-05,,
1.25% Index-linked Treasury Gilt 2027,linker3,16,2006-04-25,2027-11-22,True,2006-04-26,True,"Zinslaufbeginn = Valuta der ersten erfassten Emission (langer erster Kupon), aus den Renditen abgeleitet",16,0.0,0.0,2027-11-23,3.2e-05,194.066667,Erstemission in den Daten
4.25% Treasury Gilt 2027,fixed,13,2006-09-05,2027-12-07,True,2006-09-06,False,"Zinslaufbeginn = Valuta der ersten erfassten Emission (kurzer erster Kupon), aus den Renditen abgeleitet",13,0.0,0.0,2027-12-06,2.6e-05,,
0.125% Treasury Gilt 2028,fixed,17,2020-06-11,2028-01-31,False,2019-05-09,False,regulärer Kuponkalender (Anleihe schon vor der ersten erfassten Emission im Umlauf),17,1e-06,0.0003,2028-02-01,0.000168,,
4.375% Treasury Gilt 2028,fixed,9,2024-11-13,2028-03-07,True,2024-11-14,False,"Zinslaufbeginn = Valuta der ersten erfassten Emission (kurzer erster Kupon), aus den Renditen abgeleitet",9,0.0,1e-06,2028-03-06,0.000292,,
4.5% Treasury Gilt 2028,fixed,8,2023-06-20,2028-06-07,True,2023-06-21,False,"Zinslaufbeginn = Valuta der ersten erfassten Emission (kurzer erster Kupon), aus den Renditen abgeleitet",8,0.0,0.0,2028-06-06,0.000241,,
0.125% Index-linked Treasury Gilt 2028,linker3,14,2018-06-20,2028-08-10,True,2018-06-21,True,"Zinslaufbeginn = Valuta der ersten erfassten Emission (langer erster Kupon), aus den Renditen abgeleitet",14,0.0,0.0,2028-08-11,0.000863,279.233333,Erstemission in den Daten
1.625% Treasury Gilt 2028,fixed,13,2018-03-15,2028-10-22,True,2018-03-16,True,"Zinslaufbeginn = Valuta der ersten erfassten Emission (langer erster Kupon), aus den Renditen abgeleitet",13,0.0,1.6e-05,2028-10-23,4.4e-05,,
6% Treasury Stock 2028,fixed,5,1998-05-20,2028-12-06,False,1997-04-16,False,regulärer Kuponkalender (Anleihe schon vor der ersten erfassten Emission im Umlauf),4,0.000227,0.00032,2028-12-08,0.000189,,
0.5% Treasury Gilt 2029,fixed,12,2021-09-01,2029-01-31,True,2021-09-02,False,"Zinslaufbeginn = Valuta der ersten erfassten Emission (kurzer erster Kupon), aus den Renditen abgeleitet",12,0.0,5.3e-05,2029-02-01,0.001404,,
0.125% Index-linked Treasury Gilt 2029,linker3,9,2012-02-02,2029-03-22,False,2010-12-30,False,regulärer Kuponkalender (Anleihe schon vor der ersten erfassten Emission im Umlauf),9,0.0,0.0,2029-03-23,3.7e-05,237.454279,"aus dem Cash-Erlös der ersten erfassten Emission (2012-02-02) zurückgerechnet, da die Erstemission nicht in den Daten liegt"
4% Treasury Gilt 2029,fixed,8,2025-10-08,2029-05-22,True,2025-10-09,True,"Zinslaufbeginn = Valuta der ersten erfassten Emission (langer erster Kupon), aus den Renditen abgeleitet",8,0.0,0.0,2029-05-23,0.000114,,
4.125% Treasury Gilt 2029,fixed,9,2024-04-30,2029-07-22,True,2024-05-01,False,"Zinslaufbeginn = Valuta der ersten erfassten Emission (kurzer erster Kupon), aus den Renditen abgeleitet",9,0.0,0.0,2029-07-21,7.6e-05,,
0.875% Treasury Gilt 2029,fixed,13,2019-06-18,2029-10-22,True,2019-06-19,False,"Zinslaufbeginn = Valuta der ersten erfassten Emission (kurzer erster Kupon), aus den Renditen abgeleitet",13,0.0,0.0,2029-10-21,8.4e-05,,
4.375% Treasury Gilt 2030,fixed,9,2025-01-08,2030-03-07,True,2025-01-09,True,"Zinslaufbeginn = Valuta der ersten erfassten Emission (langer erster Kupon), aus den Renditen abgeleitet",9,0.0,0.0,2030-03-08,0.000111,,
4.625% Treasury Gilt 2030,fixed,1,2026-09-10,2030-04-22,False,2025-08-07,False,regulärer Kuponkalender (Anleihe schon vor der ersten erfassten Emission im Umlauf),1,1e-06,1e-06,2030-05-22,0.0,,
0.375% Treasury Gilt 2030,fixed,10,2020-06-02,2030-10-22,False,2019-04-30,False,regulärer Kuponkalender (Anleihe schon vor der ersten erfassten Emission im Umlauf),10,1e-06,6.3e-05,2030-10-21,3.6e-05,,
4.75% Treasury Gilt 2030,fixed,19,2007-10-02,2030-12-07,True,2007-10-03,False,"Zinslaufbeginn = Valuta der ersten erfassten Emission (kurzer erster Kupon), aus den Renditen abgeleitet",19,0.0,3.6e-05,2030-12-08,0.000119,,
4.125% Treasury Gilt 2031,fixed,8,2025-10-23,2031-03-07,True,2025-10-24,False,"Zinslaufbeginn = Valuta der ersten erfassten Emission (kurzer erster Kupon), aus den Renditen abgeleitet",8,0.0,0.0,2031-03-08,4.8e-05,,
0.25% Treasury Gilt 2031,fixed,12,2020-11-12,2031-07-31,True,2020-11-13,False,"Zinslaufbeginn = Valuta der ersten erfassten Emission (kurzer erster Kupon), aus den Renditen abgeleitet",12,0.0,0.0,2031-07-30,0.000142,,
0.125% Index-linked Treasury Gilt 2031,linker3,16,2021-01-27,2031-08-10,False,2019-12-25,False,regulärer Kuponkalender (Anleihe schon vor der ersten erfassten Emission im Umlauf),16,0.0,3e-06,2031-08-11,0.000438,293.603321,"aus dem Cash-Erlös der ersten erfassten Emission (2021-01-27) zurückgerechnet, da die Erstemission nicht in den Daten liegt"
4% Treasury Gilt 2031,fixed,9,2024-02-28,2031-10-22,True,2024-02-29,True,"Zinslaufbeginn = Valuta der ersten erfassten Emission (langer erster Kupon), aus den Renditen abgeleitet",9,0.0,0.0,2031-10-23,5.3e-05,,
1% Treasury Gilt 2032,fixed,11,2021-12-01,2032-01-31,True,2021-12-02,False,"Zinslaufbeginn = Valuta der ersten erfassten Emission (kurzer erster Kupon), aus den Renditen abgeleitet",11,0.0,0.0,2032-01-30,0.000298,,
4.625% Treasury Gilt 2032,fixed,2,2026-08-04,2032-03-07,True,2026-08-05,True,"Zinslaufbeginn = Valuta der ersten erfassten Emission (langer erster Kupon), aus den Renditen abgeleitet",2,0.0,0.0,2032-03-06,0.000139,,
4.25% Treasury Stock 2032,fixed,17,2000-05-24,2032-06-07,True,2000-05-25,True,"Zinslaufbeginn = Valuta der ersten erfassten Emission (langer erster Kupon), aus den Renditen abgeleitet",17,0.0,0.000153,2032-06-08,9.1e-05,,
1.25% Index-linked Treasury Gilt 2032,linker3,16,2008-10-28,2032-11-22,True,2008-10-29,True,"Zinslaufbeginn = Valuta der ersten erfassten Emission (langer erster Kupon), aus den Renditen abgeleitet",16,0.0,0.0,2032-11-23,4.6e-05,217.132258,Erstemission in den Daten
3.25% Treasury Gilt 2033,fixed,9,2023-01-10,2033-01-31,True,2023-01-11,True,"Zinslaufbeginn = Valuta der ersten erfassten Emission (langer erster Kupon), aus den Renditen abgeleitet",9,0.0,0.0,2033-02-01,0.000157,,
4.125% Treasury Gilt 2033,fixed,7,2025-10-29,2033-03-07,True,2025-10-30,False,"Zinslaufbeginn = Valuta der ersten erfassten Emission (kurzer erster Kupon), aus den Renditen abgeleitet",7,0.0,1e-06,2033-03-08,0.000116,,
0.875% Green Gilt 2033,fixed,10,2022-05-10,2033-07-31,False,2021-04-06,False,regulärer Kuponkalender (Anleihe schon vor der ersten erfassten Emission im Umlauf),10,0.0,0.0,2033-07-30,0.000876,,
0.75% Index-linked Treasury Gilt 2033,linker3,11,2023-06-27,2033-11-22,True,2023-06-28,False,"Zinslaufbeginn = Valuta der ersten erfassten Emission (kurzer erster Kupon), aus den Renditen abgeleitet",11,0.0,0.0,2033-11-21,5.5e-05,372.24,Erstemission in den Daten
4.625% Treasury Gilt 2034,fixed,8,2023-10-11,2034-01-31,True,2023-10-12,False,"Zinslaufbeginn = Valuta der ersten erfassten Emission (kurzer erster Kupon), aus den Renditen abgeleitet",8,0.0,0.0,2034-02-01,0.000136,,
0.75% Index-linked Treasury Gilt 2034,linker3,6,2012-03-06,2034-03-22,False,2011-02-01,False,regulärer Kuponkalender (Anleihe schon vor der ersten erfassten Emission im Umlauf),6,0.0,0.0,2034-03-23,8.2e-05,232.280075,"aus dem Cash-Erlös der ersten erfassten Emission (2012-03-06) zurückgerechnet, da die Erstemission nicht in den Daten liegt"
4.25% Treasury Gilt 2034,fixed,6,2024-07-30,2034-07-31,False,2024-06-12,True,"Zinslaufbeginn vor der ersten erfassten Emission (Erstemission nicht in den Daten), aus den Renditen abgeleitet",6,0.0,1e-06,2034-07-28,0.000837,,
4.5% Treasury Gilt 2034,fixed,15,2009-11-04,2034-09-07,False,2008-10-01,False,regulärer Kuponkalender (Anleihe schon vor der ersten erfassten Emission im Umlauf),15,0.0,5.7e-05,2034-09-06,6.3e-05,,
4.5% Treasury Gilt 2035,fixed,6,2025-03-12,2035-03-20,True,2025-03-13,True,"Zinslaufbeginn = Valuta der ersten erfassten Emission (langer erster Kupon), aus den Renditen abgeleitet",6,0.000191,0.000291,2035-03-21,0.000141,,
0.625% Treasury Gilt 2035,fixed,9,2020-10-22,2035-07-31,False,2019-09-19,False,regulärer Kuponkalender (Anleihe schon vor der ersten erfassten Emission im Umlauf),9,0.0,8e-06,2035-07-30,4e-05,,
1.125% Index-linked Treasury Gilt 2035,linker3,12,2025-01-28,2035-09-22,True,2025-01-29,True,"Zinslaufbeginn = Valuta der ersten erfassten Emission (langer erster Kupon), aus den Renditen abgeleitet",12,0.0,0.0,2035-09-23,9.2e-05,390.880645,Erstemission in den Daten
4.75% Treasury Gilt 2035,fixed,7,2025-09-02,2035-10-20,True,2025-09-03,True,"Zinslaufbeginn = Valuta der ersten erfassten Emission (langer erster Kupon), aus den Renditen abgeleitet",7,6.6e-05,0.0003,2035-10-19,9.8e-05,,
4.25% Treasury Stock 2036,fixed,10,2003-02-26,2036-03-07,True,2003-02-27,True,"Zinslaufbeginn = Valuta der ersten erfassten Emission (langer erster Kupon), aus den Renditen abgeleitet",10,0.0,0.000264,2036-03-08,5.9e-05,,
4.875% Treasury Gilt 2036,fixed,5,2026-05-21,2036-07-31,False,2026-04-15,False,"Zinslaufbeginn vor der ersten erfassten Emission (Erstemission nicht in den Daten), aus den Renditen abgeleitet",5,0.0,0.0,2036-08-01,0.000101,,
0.125% Index-linked Treasury Gilt 2036,linker3,16,2016-03-10,2036-11-22,False,2015-02-05,False,regulärer Kuponkalender (Anleihe schon vor der ersten erfassten Emission im Umlauf),16,0.0,3e-06,2036-11-21,0.000255,260.101762,"aus dem Cash-Erlös der ersten erfassten Emission (2016-03-10) zurückgerechnet, da die Erstemission nicht in den Daten liegt"
4.625% Green Gilt 2037,fixed,3,2026-03-10,2037-03-06,True,2026-03-11,False,"Zinslaufbeginn = Valuta der ersten erfassten Emission (kurzer erster Kupon), aus den Renditen abgeleitet",3,8.6e-05,0.000246,2037-03-07,0.0,,
1.75% Treasury Gilt 2037,fixed,13,2016-11-08,2037-09-07,True,2016-11-09,False,"Zinslaufbeginn = Valuta der ersten erfassten Emission (kurzer erster Kupon), aus den Renditen abgeleitet",13,0.0,0.0,2037-09-06,2e-05,,
1.125% Index-linked Treasury Gilt 2037,linker3,16,2007-02-20,2037-11-22,True,2007-02-21,False,"Zinslaufbeginn = Valuta der ersten erfassten Emission (kurzer erster Kupon), aus den Renditen abgeleitet",16,0.0,0.0,2037-11-21,2.6e-05,202.242857,Erstemission in den Daten
3.75% Treasury Gilt 2038,fixed,8,2023-03-01,2038-01-29,False,2022-01-26,False,regulärer Kuponkalender (Anleihe schon vor der ersten erfassten Emission im Umlauf),8,0.0,0.0,2038-01-28,9.4e-05,,
1.75% Index-linked Treasury Gilt 2038,linker3,2,2025-06-10,2038-09-15,True,2025-06-11,False,"Zinslaufbeginn = Valuta der ersten erfassten Emission (kurzer erster Kupon), aus den Renditen abgeleitet",2,9.3e-05,9.3e-05,2038-09-14,9.3e-05,397.6,Erstemission in den Daten
4.75% Treasury Stock 2038,fixed,10,2004-04-22,2038-12-07,True,2004-04-23,True,"Zinslaufbeginn = Valuta der ersten erfassten Emission (langer erster Kupon), aus den Renditen abgeleitet",10,0.0,3.9e-05,2038-12-06,1.5e-05,,
1.125% Treasury Gilt 2039,fixed,8,2021-10-05,2039-01-31,False,2020-09-01,False,regulärer Kuponkalender (Anleihe schon vor der ersten erfassten Emission im Umlauf),8,0.0,5.3e-05,2039-01-30,0.000406,,
0.125% Index-linked Treasury Gilt 2039,linker3,11,2021-08-11,2039-03-22,False,2020-07-08,False,regulärer Kuponkalender (Anleihe schon vor der ersten erfassten Emission im Umlauf),11,0.0,2e-06,2039-03-23,0.000172,296.725789,"aus dem Cash-Erlös der ersten erfassten Emission (2021-08-11) zurückgerechnet, da die Erstemission nicht in den Daten liegt"
4.25% Treasury Gilt 2039,fixed,11,2009-03-04,2039-09-07,False,2008-01-30,False,regulärer Kuponkalender (Anleihe schon vor der ersten erfassten Emission im Umlauf),11,0.0,0.000326,2039-09-06,2.3e-05,,
4.375% Treasury Gilt 2040,fixed,5,2025-02-27,2040-01-31,False,2024-01-25,False,regulärer Kuponkalender (Anleihe schon vor der ersten erfassten Emission im Umlauf),5,0.0,0.0,2040-01-30,7.3e-05,,
0.625% Index-linked Treasury Gilt 2040,linker3,5,2011-06-07,2040-03-22,False,2010-05-04,False,regulärer Kuponkalender (Anleihe schon vor der ersten erfassten Emission im Umlauf),5,0.0,0.0,2040-03-23,8.8e-05,216.64558,"aus dem Cash-Erlös der ersten erfassten Emission (2011-06-07) zurückgerechnet, da die Erstemission nicht in den Daten liegt"
4.25% Treasury Gilt 2040,fixed,7,2011-02-03,2040-12-07,False,2009-12-31,False,regulärer Kuponkalender (Anleihe schon vor der ersten erfassten Emission im Umlauf),7,0.0,5.2e-05,2040-12-06,1e-05,,
5.25% Treasury Gilt 2041,fixed,2,2025-10-14,2041-02-03,True,2025-10-15,False,"Zinslaufbeginn = Valuta der ersten erfassten Emission (kurzer erster Kupon), aus den Renditen abgeleitet",2,0.000102,0.000102,2041-02-02,0.000117,,
0.125% Index-linked Treasury Gilt 2041,linker3,2,2020-07-09,2041-08-10,False,2019-06-06,False,regulärer Kuponkalender (Anleihe schon vor der ersten erfassten Emission im Umlauf),2,0.0,0.0,2041-08-11,0.000325,280.054731,"aus dem Cash-Erlös der ersten erfassten Emission (2020-07-09) zurückgerechnet, da die Erstemission nicht in den Daten liegt"
1.25% Treasury Gilt 2041,fixed,13,2020-01-21,2041-10-22,True,2020-01-22,False,"Zinslaufbeginn = Valuta der ersten erfassten Emission (kurzer erster Kupon), aus den Renditen abgeleitet",13,0.0,0.0,2041-10-23,4.3e-05,,
0.625% Index-linked Treasury Gilt 2042,linker3,9,2009-10-07,2042-11-22,False,2008-09-03,False,regulärer Kuponkalender (Anleihe schon vor der ersten erfassten Emission im Umlauf),9,0.0,2e-06,2042-11-21,8e-06,212.51529,"aus dem Cash-Erlös der ersten erfassten Emission (2009-10-07) zurückgerechnet, da die Erstemission nicht in den Daten liegt"
4.5% Treasury Gilt 2042,fixed,10,2007-06-05,2042-12-07,True,2007-06-06,True,"Zinslaufbeginn = Valuta der ersten erfassten Emission (langer erster Kupon), aus den Renditen abgeleitet",10,0.0,1e-06,2042-12-06,1.1e-05,,
4.75% Treasury Gilt 2043,fixed,11,2024-01-09,2043-10-23,False,2022-12-06,False,regulärer Kuponkalender (Anleihe schon vor der ersten erfassten Emission im Umlauf),11,2.3e-05,0.00026,2043-10-24,4.6e-05,,
3.25% Treasury Gilt 2044,fixed,7,2013-04-18,2044-01-22,False,2012-03-15,False,regulärer Kuponkalender (Anleihe schon vor der ersten erfassten Emission im Umlauf),7,0.0,0.0,2044-01-21,1.3e-05,,
0.125% Index-linked Treasury Gilt 2044,linker3,4,2013-03-21,2044-03-22,False,2012-02-16,False,regulärer Kuponkalender (Anleihe schon vor der ersten erfassten Emission im Umlauf),4,0.0,0.0,2044-03-23,3.1e-05,242.477012,"aus dem Cash-Erlös der ersten erfassten Emission (2013-03-21) zurückgerechnet, da die Erstemission nicht in den Daten liegt"
3.5% Treasury Gilt 2045,fixed,11,2014-09-11,2045-01-22,False,2013-08-08,False,regulärer Kuponkalender (Anleihe schon vor der ersten erfassten Emission im Umlauf),11,0.0,0.000145,2045-01-21,6.5e-05,,
0.625% Index-linked Treasury Gilt 2045,linker3,6,2024-06-12,2045-03-22,False,2023-05-10,False,regulärer Kuponkalender (Anleihe schon vor der ersten erfassten Emission im Umlauf),6,0.0,0.0,2045-03-21,0.000124,363.93949,"aus dem Cash-Erlös der ersten erfassten Emission (2024-06-12) zurückgerechnet, da die Erstemission nicht in den Daten liegt"
0.875% Treasury Gilt 2046,fixed,7,2021-04-07,2046-01-31,False,2020-03-04,False,regulärer Kuponkalender (Anleihe schon vor der ersten erfassten Emission im Umlauf),7,0.0,5e-06,2046-02-01,2.7e-05,,
0.125% Index-linked Treasury Gilt 2046,linker3,4,2016-01-12,2046-03-22,False,2014-12-09,False,regulärer Kuponkalender (Anleihe schon vor der ersten erfassten Emission im Umlauf),4,0.0,0.0,2046-03-21,0.000156,257.848868,"aus dem Cash-Erlös der ersten erfassten Emission (2016-01-12) zurückgerechnet, da die Erstemission nicht in den Daten liegt"
4.25% Treasury Gilt 2046,fixed,10,2006-05-11,2046-12-07,True,2006-05-12,True,"Zinslaufbeginn = Valuta der ersten erfassten Emission (langer erster Kupon), aus den Renditen abgeleitet",10,0.0,2.5e-05,2046-12-06,8e-06,,
1.5% Treasury Gilt 2047,fixed,10,2016-09-20,2047-07-22,True,2016-09-21,False,"Zinslaufbeginn = Valuta der ersten erfassten Emission (kurzer erster Kupon), aus den Renditen abgeleitet",10,0.0,0.0,2047-07-23,2.3e-05,,
0.75% Index-linked Treasury Gilt 2047,linker3,16,2007-11-20,2047-11-22,False,2006-10-17,False,regulärer Kuponkalender (Anleihe schon vor der ersten erfassten Emission im Umlauf),16,0.0,0.0,2047-11-21,1.1e-05,207.803701,"aus dem Cash-Erlös der ersten erfassten Emission (2007-11-20) zurückgerechnet, da die Erstemission nicht in den Daten liegt"
0.125% Index-linked Treasury Gilt 2048,linker3,11,2018-04-24,2048-08-10,False,2017-03-21,False,regulärer Kuponkalender (Anleihe schon vor der ersten erfassten Emission im Umlauf),11,0.0,0.0,2048-08-09,0.000192,274.794027,"aus dem Cash-Erlös der ersten erfassten Emission (2018-04-24) zurückgerechnet, da die Erstemission nicht in den Daten liegt"
1.75% Treasury Gilt 2049,fixed,13,2018-09-11,2049-01-22,True,2018-09-12,False,"Zinslaufbeginn = Valuta der ersten erfassten Emission (kurzer erster Kupon), aus den Renditen abgeleitet",13,0.0,0.0,2049-01-21,3.6e-05,,
1.875% Index-linked Treasury Gilt 2049,linker3,4,2025-07-08,2049-09-22,False,2024-06-04,False,regulärer Kuponkalender (Anleihe schon vor der ersten erfassten Emission im Umlauf),4,0.0,1.4e-05,2049-09-23,2.9e-05,391.957886,"aus dem Cash-Erlös der ersten erfassten Emission (2025-07-08) zurückgerechnet, da die Erstemission nicht in den Daten liegt"
4.25% Treasury Gilt 2049,fixed,9,2008-09-02,2049-12-07,True,2008-09-03,False,"Zinslaufbeginn = Valuta der ersten erfassten Emission (kurzer erster Kupon), aus den Renditen abgeleitet",9,0.0,1.1e-05,2049-12-06,5e-06,,
0.5% Index-linked Treasury Gilt 2050,linker3,4,2011-04-19,2050-03-22,False,2010-03-16,False,regulärer Kuponkalender (Anleihe schon vor der ersten erfassten Emission im Umlauf),4,0.0,0.0,2050-03-21,2.5e-05,213.423194,"aus dem Cash-Erlös der ersten erfassten Emission (2011-04-19) zurückgerechnet, da die Erstemission nicht in den Daten liegt"
0.625% Treasury Gilt 2050,fixed,9,2020-07-01,2050-10-22,True,2020-07-02,False,"Zinslaufbeginn = Valuta der ersten erfassten Emission (kurzer erster Kupon), aus den Renditen abgeleitet",9,0.0,3e-06,2050-10-21,1.2e-05,,
0.125% Index-linked Treasury Gilt 2051,linker3,11,2021-04-14,2051-03-22,False,2020-03-11,False,regulärer Kuponkalender (Anleihe schon vor der ersten erfassten Emission im Umlauf),11,0.0,2e-06,2051-03-21,0.00012,294.111665,"aus dem Cash-Erlös der ersten erfassten Emission (2021-04-14) zurückgerechnet, da die Erstemission nicht in den Daten liegt"
1.25% Treasury Gilt 2051,fixed,10,2021-06-15,2051-07-31,True,2021-06-16,False,"Zinslaufbeginn = Valuta der ersten erfassten Emission (kurzer erster Kupon), aus den Renditen abgeleitet",10,0.0,1.1e-05,2051-08-01,6.1e-05,,
0.25% Index-linked Treasury Gilt 2052,linker3,6,2013-11-05,2052-03-22,False,2012-10-02,False,regulärer Kuponkalender (Anleihe schon vor der ersten erfassten Emission im Umlauf),6,0.0,0.0,2052-03-21,3.1e-05,242.081384,"aus dem Cash-Erlös der ersten erfassten Emission (2013-11-05) zurückgerechnet, da die Erstemission nicht in den Daten liegt"
3.75% Treasury Gilt 2052,fixed,6,2012-07-19,2052-07-22,False,2011-06-16,False,regulärer Kuponkalender (Anleihe schon vor der ersten erfassten Emission im Umlauf),6,0.0,3.1e-05,2052-07-21,2.5e-05,,
1.5% Green Gilt 2053,fixed,9,2023-02-22,2053-07-31,False,2022-01-19,False,regulärer Kuponkalender (Anleihe schon vor der ersten erfassten Emission im Umlauf),9,0.0,0.0,2053-08-01,0.000227,,
3.75% Treasury Gilt 2053,fixed,8,2023-03-21,2053-10-22,True,2023-03-22,False,"Zinslaufbeginn = Valuta der ersten erfassten Emission (kurzer erster Kupon), aus den Renditen abgeleitet",8,0.0,0.000107,2053-10-23,3.9e-05,,
4.375% Treasury Gilt 2054,fixed,7,2024-07-24,2054-07-31,False,2023-06-21,False,regulärer Kuponkalender (Anleihe schon vor der ersten erfassten Emission im Umlauf),7,0.0,0.0,2054-07-30,2e-05,,
1.625% Treasury Gilt 2054,fixed,9,2020-04-21,2054-10-22,False,2019-03-19,False,regulärer Kuponkalender (Anleihe schon vor der ersten erfassten Emission im Umlauf),9,0.0,0.0,2054-10-21,5.9e-05,,
1.25% Index-linked Treasury Gilt 2054,linker3,2,2025-01-14,2054-11-22,False,2023-12-12,False,regulärer Kuponkalender (Anleihe schon vor der ersten erfassten Emission im Umlauf),2,0.0,0.0,2054-11-19,4e-05,378.582201,"aus dem Cash-Erlös der ersten erfassten Emission (2025-01-14) zurückgerechnet, da die Erstemission nicht in den Daten liegt"
1.25% Index-linked Treasury Gilt 2055,linker3,10,2005-10-25,2055-11-22,True,2005-10-26,True,"Zinslaufbeginn = Valuta der ersten erfassten Emission (langer erster Kupon), aus den Renditen abgeleitet",10,0.0,1.8e-05,2055-11-21,1.8e-05,192.522581,Erstemission in den Daten
4.25% Treasury Gilt 2055,fixed,11,2005-05-26,2055-12-07,True,2005-05-27,True,"Zinslaufbeginn = Valuta der ersten erfassten Emission (langer erster Kupon), aus den Renditen abgeleitet",11,0.0,0.0,2055-12-06,7e-06,,
5.375% Treasury Gilt 2056,fixed,3,2025-05-20,2056-02-10,True,2025-05-21,False,"Zinslaufbeginn = Valuta der ersten erfassten Emission (kurzer erster Kupon), aus den Renditen abgeleitet",3,2.6e-05,0.000301,2056-02-11,2.9e-05,,
0.125% Index-linked Treasury Gilt 2056,linker3,5,2018-03-27,2056-11-22,False,2017-02-21,False,regulärer Kuponkalender (Anleihe schon vor der ersten erfassten Emission im Umlauf),5,0.0,0.0,2056-11-23,0.000156,264.883197,"aus dem Cash-Erlös der ersten erfassten Emission (2018-03-27) zurückgerechnet, da die Erstemission nicht in den Daten liegt"
1.75% Treasury Gilt 2057,fixed,12,2018-02-15,2057-07-22,False,2017-01-12,False,regulärer Kuponkalender (Anleihe schon vor der ersten erfassten Emission im Umlauf),12,0.0,0.0,2057-07-21,4.9e-05,,
0.125% Index-linked Treasury Gilt 2058,linker3,4,2015-05-27,2058-03-22,False,2014-04-23,False,regulärer Kuponkalender (Anleihe schon vor der ersten erfassten Emission im Umlauf),4,0.0,0.0,2058-03-21,6.3e-05,255.945859,"aus dem Cash-Erlös der ersten erfassten Emission (2015-05-27) zurückgerechnet, da die Erstemission nicht in den Daten liegt"
4% Treasury Gilt 2060,fixed,5,2012-06-14,2060-01-22,False,2011-05-12,False,regulärer Kuponkalender (Anleihe schon vor der ersten erfassten Emission im Umlauf),5,0.0,0.0,2060-01-21,4.3e-05,,
0.5% Treasury Gilt 2061,fixed,6,2021-03-02,2061-10-22,False,2020-01-28,False,regulärer Kuponkalender (Anleihe schon vor der ersten erfassten Emission im Umlauf),6,0.0,0.0,2061-10-21,5.9e-05,,
0.375% Index-linked Treasury Gilt 2062,linker3,1,2013-04-30,2062-03-22,False,2012-03-27,False,regulärer Kuponkalender (Anleihe schon vor der ersten erfassten Emission im Umlauf),1,0.0,0.0,2062-03-21,2.8e-05,235.829345,"aus dem Cash-Erlös der ersten erfassten Emission (2013-04-30) zurückgerechnet, da die Erstemission nicht in den Daten liegt"
4% Treasury Gilt 2063,fixed,5,2024-02-20,2063-10-22,False,2023-01-17,False,regulärer Kuponkalender (Anleihe schon vor der ersten erfassten Emission im Umlauf),5,0.0,4.2e-05,2063-10-21,1.6e-05,,
2.5% Treasury Gilt 2065,fixed,1,2017-04-12,2065-07-22,False,2016-03-09,False,regulärer Kuponkalender (Anleihe schon vor der ersten erfassten Emission im Umlauf),1,0.0,0.0,2065-07-20,6e-06,,
0.125% Index-linked Treasury Gilt 2065,linker3,2,2021-01-13,2065-11-22,False,2019-12-11,False,regulärer Kuponkalender (Anleihe schon vor der ersten erfassten Emission im Umlauf),2,0.0,0.0,2065-11-21,0.000126,260.433276,"aus dem Cash-Erlös der ersten erfassten Emission (2021-01-13) zurückgerechnet, da die Erstemission nicht in den Daten liegt"
0.125% Index-linked Treasury Gilt 2068,linker3,1,2016-03-23,2068-03-22,False,2015-02-18,False,regulärer Kuponkalender (Anleihe schon vor der ersten erfassten Emission im Umlauf),1,0.0,0.0,2068-03-21,5.7e-05,249.699813,"aus dem Cash-Erlös der ersten erfassten Emission (2016-03-23) zurückgerechnet, da die Erstemission nicht in den Daten liegt"
3.5% Treasury Gilt 2068,fixed,1,2015-03-10,2068-07-22,False,2014-02-04,False,regulärer Kuponkalender (Anleihe schon vor der ersten erfassten Emission im Umlauf),1,0.0,0.0,2068-07-14,5e-06,,
1.625% Treasury Gilt 2071,fixed,7,2020-10-27,2071-10-22,False,2019-09-24,False,regulärer Kuponkalender (Anleihe schon vor der ersten erfassten Emission im Umlauf),7,0.0,0.0,2071-10-23,2.7e-05,,
0.125% Index-linked Treasury Gilt 2073,linker3,2,2024-05-14,2073-03-22,False,2023-04-11,False,regulärer Kuponkalender (Anleihe schon vor der ersten erfassten Emission im Umlauf),2,0.0,0.0,2073-03-21,5.3e-05,308.31959,"aus dem Cash-Erlös der ersten erfassten Emission (2024-05-14) zurückgerechnet, da die Erstemission nicht in den Daten liegt"
1.125% Treasury Gilt 2073,fixed,1,2023-09-27,2073-10-22,True,2023-09-28,True,"Zinslaufbeginn = Valuta der ersten erfassten Emission (langer erster Kupon), aus den Renditen abgeleitet",1,7e-06,7e-06,2073-10-24,4e-05,,
